id,labels
0,Anxious
1,Anxious
2,Normal
3,Stressed
4,Anxious
5,Anxious
6,Normal
7,Anxious
8,Anxious
9,Anxious
10,Normal
11,Stressed
12,Anxious
13,Stressed
14,Anxious
15,Normal
16,Normal
17,Normal
18,Anxious
19,Anxious
20,Normal
21,Anxious
22,Stressed
23,Anxious
24,Anxious
25,Anxious
26,Stressed
27,Anxious
28,Anxious
29,Anxious
30,Lonely
31,Normal
32,Anxious
33,Anxious
34,Normal
35,Normal
36,Normal
37,Normal
38,Normal
39,Normal
40,Normal
41,Anxious
42,Anxious
43,Anxious
44,Lonely
45,Anxious
46,Normal
47,Anxious
48,Normal
49,Stressed
50,Anxious
51,Anxious
52,Normal
53,Anxious
54,Normal
55,Anxious
56,Normal
57,Stressed
58,Normal
59,Stressed
60,Stressed
61,Stressed
62,Stressed
63,Stressed
64,Anxious
65,Normal
66,Normal
67,Anxious
68,Anxious
69,Normal
70,Anxious
71,Lonely
72,Normal
73,Stressed
74,Normal
75,Normal
76,Normal
77,Normal
78,Normal
79,Stressed
80,Anxious
81,Normal
82,Anxious
83,Anxious
84,Normal
85,Normal
86,Normal
87,Stressed
88,Anxious
89,Normal
90,Anxious
91,Anxious
92,Normal
93,Normal
94,Normal
95,Normal
96,Normal
97,Normal
98,Stressed
99,Anxious
100,Stressed
101,Normal
102,Normal
103,Anxious
104,Anxious
105,Anxious
106,Normal
107,Normal
108,Anxious
109,Normal
110,Lonely
111,Lonely
112,Anxious
113,Normal
114,Normal
115,Anxious
116,Anxious
117,Stressed
118,Normal
119,Normal
120,Normal
121,Anxious
122,Normal
123,Stressed
124,Anxious
125,Normal
126,Anxious
127,Anxious
128,Normal
129,Anxious
130,Normal
131,Normal
132,Stressed
133,Anxious
134,Anxious
135,Anxious
136,Stressed
137,Anxious
138,Normal
139,Normal
140,Anxious
141,Anxious
142,Anxious
143,Normal
144,Normal
145,Normal
146,Anxious
147,Anxious
148,Normal
149,Anxious
150,Normal
151,Normal
152,Normal
153,Normal
154,Stressed
155,Anxious
156,Normal
157,Normal
158,Anxious
159,Anxious
160,Normal
161,Anxious
162,Normal
163,Normal
164,Normal
165,Anxious
166,Anxious
167,Normal
168,Anxious
169,Anxious
170,Stressed
171,Normal
172,Stressed
173,Stressed
174,Normal
175,Anxious
176,Anxious
177,Normal
178,Stressed
179,Anxious
180,Anxious
181,Anxious
182,Anxious
183,Stressed
184,Normal
185,Anxious
186,Normal
187,Stressed
188,Anxious
189,Normal
190,Normal
191,Stressed
192,Normal
193,Anxious
194,Normal
195,Normal
196,Stressed
197,Lonely
198,Stressed
199,Anxious
200,Anxious
201,Normal
202,Anxious
203,Normal
204,Anxious
205,Stressed
206,Normal
207,Anxious
208,Stressed
209,Anxious
210,Anxious
211,Normal
212,Stressed
213,Lonely
214,Anxious
215,Stressed
216,Normal
217,Stressed
218,Anxious
219,Anxious
220,Stressed
221,Anxious
222,Anxious
223,Stressed
224,Stressed
225,Normal
226,Normal
227,Normal
228,Anxious
229,Normal
230,Anxious
231,Stressed
232,Lonely
233,Stressed
234,Stressed
235,Stressed
236,Normal
237,Anxious
238,Normal
239,Anxious
240,Normal
241,Anxious
242,Stressed
243,Normal
244,Stressed
245,Anxious
246,Normal
247,Anxious
248,Stressed
249,Normal
250,Normal
251,Stressed
252,Stressed
253,Normal
254,Stressed
255,Stressed
256,Normal
257,Normal
258,Normal
259,Anxious
260,Anxious
261,Lonely
262,Lonely
263,Normal
264,Normal
265,Normal
266,Normal
267,Normal
268,Stressed
269,Anxious
270,Normal
271,Anxious
272,Normal
273,Stressed
274,Normal
275,Anxious
276,Normal
277,Stressed
278,Anxious
279,Normal
280,Anxious
281,Stressed
282,Normal
283,Anxious
284,Anxious
285,Stressed
286,Anxious
287,Stressed
288,Stressed
289,Anxious
290,Normal
291,Anxious
292,Normal
293,Stressed
294,Normal
295,Stressed
296,Normal
297,Lonely
298,Anxious
299,Anxious
300,Normal
301,Normal
302,Anxious
303,Anxious
304,Normal
305,Stressed
306,Normal
307,Normal
308,Normal
309,Stressed
310,Anxious
311,Normal
312,Normal
313,Anxious
314,Stressed
315,Lonely
316,Normal
317,Anxious
318,Normal
319,Anxious
320,Normal
321,Lonely
322,Anxious
323,Anxious
324,Normal
325,Anxious
326,Stressed
327,Normal
328,Normal
329,Normal
330,Stressed
331,Anxious
332,Lonely
333,Normal
334,Normal
335,Normal
336,Anxious
337,Stressed
338,Stressed
339,Anxious
340,Normal
341,Anxious
342,Normal
343,Normal
344,Normal
345,Anxious
346,Anxious
347,Lonely
348,Normal
349,Normal
350,Normal
351,Normal
352,Normal
353,Normal
354,Anxious
355,Normal
356,Normal
357,Anxious
358,Anxious
359,Anxious
360,Anxious
361,Lonely
362,Stressed
363,Stressed
364,Normal
365,Anxious
366,Stressed
367,Normal
368,Normal
369,Normal
370,Anxious
371,Normal
372,Normal
373,Normal
374,Anxious
375,Stressed
376,Normal
377,Anxious
378,Anxious
379,Anxious
380,Normal
381,Normal
382,Normal
383,Stressed
384,Normal
385,Anxious
386,Normal
387,Lonely
388,Anxious
389,Normal
390,Anxious
391,Anxious
392,Anxious
393,Normal
394,Anxious
395,Anxious
396,Anxious
397,Anxious
398,Normal
399,Anxious
400,Anxious
401,Normal
402,Anxious
403,Anxious
404,Lonely
405,Anxious
406,Normal
407,Anxious
408,Anxious
409,Normal
410,Anxious
411,Anxious
412,Anxious
413,Stressed
414,Normal
415,Anxious
416,Normal
417,Stressed
418,Anxious
419,Normal
420,Normal
421,Anxious
422,Anxious
423,Normal
424,Stressed
425,Normal
426,Anxious
427,Stressed
428,Stressed
429,Normal
430,Normal
431,Anxious
432,Anxious
433,Normal
434,Normal
435,Normal
436,Normal
437,Stressed
438,Normal
439,Anxious
440,Normal
441,Normal
442,Stressed
443,Normal
444,Stressed
445,Normal
446,Normal
447,Normal
448,Anxious
449,Anxious
450,Stressed
451,Anxious
452,Normal
453,Normal
454,Stressed
455,Normal
456,Anxious
457,Anxious
458,Normal
459,Stressed
460,Anxious
461,Normal
462,Anxious
463,Normal
464,Anxious
465,Normal
466,Anxious
467,Anxious
468,Anxious
469,Normal
470,Normal
471,Normal
472,Normal
473,Anxious
474,Anxious
475,Anxious
476,Normal
477,Anxious
478,Anxious
479,Normal
480,Normal
481,Stressed
482,Anxious
483,Normal
484,Anxious
485,Anxious
486,Stressed
487,Normal
488,Anxious
489,Anxious
490,Anxious
491,Normal
492,Normal
493,Anxious
494,Anxious
495,Stressed
496,Normal
497,Normal
498,Stressed
499,Normal
500,Normal
501,Stressed
502,Normal
503,Anxious
504,Anxious
505,Normal
506,Normal
507,Normal
508,Normal
509,Anxious
510,Anxious
511,Stressed
512,Stressed
513,Anxious
514,Anxious
515,Normal
516,Stressed
517,Normal
518,Anxious
519,Anxious
520,Anxious
521,Anxious
522,Stressed
523,Anxious
524,Lonely
525,Stressed
526,Normal
527,Stressed
528,Normal
529,Anxious
530,Stressed
531,Stressed
532,Anxious
533,Normal
534,Normal
535,Normal
536,Normal
537,Anxious
538,Stressed
539,Anxious
540,Normal
541,Anxious
542,Normal
543,Lonely
544,Lonely
545,Anxious
546,Normal
547,Normal
548,Stressed
549,Normal
550,Normal
551,Normal
552,Stressed
553,Stressed
554,Stressed
555,Stressed
556,Normal
557,Anxious
558,Anxious
559,Normal
560,Anxious
561,Lonely
562,Normal
563,Anxious
564,Normal
565,Normal
566,Stressed
567,Normal
568,Stressed
569,Anxious
570,Normal
571,Anxious
572,Normal
573,Normal
574,Normal
575,Anxious
576,Normal
577,Anxious
578,Normal
579,Anxious
580,Stressed
581,Normal
582,Lonely
583,Stressed
584,Anxious
585,Normal
586,Normal
587,Anxious
588,Normal
589,Anxious
590,Lonely
591,Stressed
592,Anxious
593,Stressed
594,Anxious
595,Normal
596,Normal
597,Anxious
598,Normal
599,Stressed
600,Stressed
601,Normal
602,Anxious
603,Anxious
604,Normal
605,Anxious
606,Anxious
607,Lonely
608,Lonely
609,Normal
610,Normal
611,Normal
612,Normal
613,Anxious
614,Anxious
615,Stressed
616,Normal
617,Anxious
618,Stressed
619,Normal
620,Stressed
621,Normal
622,Stressed
623,Anxious
624,Stressed
625,Normal
626,Normal
627,Stressed
628,Stressed
629,Stressed
630,Anxious
631,Anxious
632,Normal
633,Anxious
634,Normal
635,Normal
636,Normal
637,Anxious
638,Stressed
639,Normal
640,Stressed
641,Normal
642,Stressed
643,Anxious
644,Normal
645,Normal
646,Anxious
647,Anxious
648,Normal
649,Anxious
650,Normal
651,Normal
652,Normal
653,Normal
654,Normal
655,Normal
656,Anxious
657,Normal
658,Normal
659,Anxious
660,Normal
661,Stressed
662,Normal
663,Anxious
664,Stressed
665,Stressed
666,Stressed
667,Normal
668,Anxious
669,Stressed
670,Stressed
671,Anxious
672,Anxious
673,Anxious
674,Anxious
675,Normal
676,Normal
677,Normal
678,Stressed
679,Normal
680,Stressed
681,Normal
682,Anxious
683,Anxious
684,Normal
685,Stressed
686,Normal
687,Stressed
688,Normal
689,Lonely
690,Lonely
691,Anxious
692,Stressed
693,Normal
694,Normal
695,Normal
696,Stressed
697,Normal
698,Lonely
699,Normal
700,Normal
701,Stressed
702,Normal
703,Normal
704,Anxious
705,Normal
706,Stressed
707,Normal
708,Stressed
709,Normal
710,Normal
711,Normal
712,Normal
713,Lonely
714,Normal
715,Anxious
716,Normal
717,Anxious
718,Anxious
719,Normal
720,Anxious
721,Normal
722,Anxious
723,Anxious
724,Normal
725,Anxious
726,Anxious
727,Lonely
728,Lonely
729,Normal
730,Stressed
731,Stressed
732,Anxious
733,Normal
734,Anxious
735,Normal
736,Normal
737,Normal
738,Stressed
739,Anxious
740,Stressed
741,Normal
742,Anxious
743,Normal
744,Anxious
745,Normal
746,Lonely
747,Stressed
748,Stressed
749,Normal
750,Normal
751,Stressed
752,Normal
753,Normal
754,Normal
755,Normal
756,Stressed
757,Stressed
758,Normal
759,Stressed
760,Anxious
761,Lonely
762,Anxious
763,Stressed
764,Anxious
765,Normal
766,Anxious
767,Anxious
768,Stressed
769,Anxious
770,Lonely
771,Stressed
772,Anxious
773,Anxious
774,Normal
775,Stressed
776,Normal
777,Stressed
778,Stressed
779,Anxious
780,Stressed
781,Normal
782,Anxious
783,Normal
784,Anxious
785,Anxious
786,Anxious
787,Stressed
788,Anxious
789,Anxious
790,Anxious
791,Anxious
792,Normal
793,Anxious
794,Stressed
795,Normal
796,Anxious
797,Anxious
798,Normal
799,Anxious
800,Stressed
801,Stressed
802,Anxious
803,Anxious
804,Stressed
805,Stressed
806,Lonely
807,Anxious
808,Lonely
809,Lonely
810,Normal
811,Normal
812,Anxious
813,Anxious
814,Stressed
815,Lonely
816,Normal
817,Anxious
818,Stressed
819,Normal
820,Normal
821,Normal
822,Anxious
823,Normal
824,Normal
825,Anxious
826,Anxious
827,Anxious
828,Anxious
829,Normal
830,Stressed
831,Normal
832,Stressed
833,Normal
834,Normal
835,Stressed
836,Normal
837,Normal
838,Normal
839,Anxious
840,Normal
841,Normal
842,Stressed
843,Anxious
844,Stressed
845,Normal
846,Anxious
847,Normal
848,Anxious
849,Normal
850,Normal
851,Normal
852,Stressed
853,Stressed
854,Normal
855,Normal
856,Anxious
857,Normal
858,Anxious
859,Normal
860,Normal
861,Normal
862,Stressed
863,Stressed
864,Normal
865,Stressed
866,Normal
867,Normal
868,Anxious
869,Normal
870,Anxious
871,Normal
872,Normal
873,Anxious
874,Anxious
875,Stressed
876,Normal
877,Anxious
878,Normal
879,Normal
880,Anxious
881,Anxious
882,Stressed
883,Stressed
884,Anxious
885,Lonely
886,Anxious
887,Normal
888,Normal
889,Normal
890,Stressed
891,Stressed
892,Anxious
893,Lonely
894,Normal
895,Anxious
896,Normal
897,Anxious
898,Anxious
899,Normal
900,Anxious
901,Anxious
902,Stressed
903,Anxious
904,Normal
905,Anxious
906,Normal
907,Normal
908,Normal
909,Stressed
910,Anxious
911,Normal
912,Normal
913,Normal
914,Stressed
915,Normal
916,Anxious
917,Normal
918,Anxious
919,Lonely
920,Normal
921,Normal
922,Anxious
923,Normal
924,Anxious
925,Lonely
926,Normal
927,Normal
928,Normal
929,Normal
930,Anxious
931,Anxious
932,Anxious
933,Normal
934,Normal
935,Anxious
936,Lonely
937,Normal
938,Anxious
939,Normal
940,Anxious
941,Stressed
942,Anxious
943,Normal
944,Stressed
945,Normal
946,Anxious
947,Anxious
948,Normal
949,Stressed
950,Anxious
951,Anxious
952,Anxious
953,Anxious
954,Anxious
955,Normal
956,Normal
957,Stressed
958,Normal
959,Stressed
960,Anxious
961,Normal
962,Stressed
963,Normal
964,Normal
965,Normal
966,Anxious
967,Anxious
968,Stressed
969,Anxious
970,Anxious
971,Anxious
972,Normal
973,Normal
974,Normal
975,Normal
976,Stressed
977,Anxious
978,Normal
979,Normal
980,Normal
981,Anxious
982,Anxious
983,Stressed
984,Stressed
985,Normal
986,Normal
987,Stressed
988,Lonely
989,Anxious
990,Anxious
991,Stressed
992,Stressed
993,Stressed
994,Anxious
995,Normal
996,Stressed
997,Stressed
998,Stressed
999,Normal
1000,Normal
1001,Anxious
1002,Anxious
1003,Normal
1004,Normal
1005,Normal
1006,Normal
1007,Anxious
1008,Stressed
1009,Stressed
1010,Anxious
1011,Anxious
1012,Normal
1013,Normal
1014,Stressed
1015,Anxious
1016,Normal
1017,Normal
1018,Normal
1019,Normal
1020,Normal
1021,Stressed
1022,Normal
1023,Lonely
1024,Normal
1025,Normal
1026,Anxious
1027,Normal
1028,Normal
1029,Anxious
1030,Normal
1031,Normal
1032,Anxious
1033,Stressed
1034,Stressed
1035,Anxious
1036,Anxious
1037,Stressed
1038,Anxious
1039,Normal
1040,Anxious
1041,Normal
1042,Normal
1043,Anxious
1044,Anxious
1045,Anxious
1046,Normal
1047,Anxious
1048,Normal
1049,Anxious
1050,Normal
1051,Normal
1052,Normal
1053,Anxious
1054,Normal
1055,Anxious
1056,Normal
1057,Anxious
1058,Normal
1059,Anxious
1060,Anxious
1061,Anxious
1062,Normal
1063,Normal
1064,Anxious
1065,Anxious
1066,Normal
1067,Normal
1068,Normal
1069,Normal
1070,Anxious
1071,Anxious
1072,Anxious
1073,Anxious
1074,Stressed
1075,Normal
1076,Lonely
1077,Lonely
1078,Anxious
1079,Anxious
1080,Stressed
1081,Stressed
1082,Anxious
1083,Anxious
1084,Stressed
1085,Normal
1086,Normal
1087,Anxious
1088,Anxious
1089,Normal
1090,Anxious
1091,Normal
1092,Normal
1093,Normal
1094,Anxious
1095,Normal
1096,Normal
1097,Normal
1098,Normal
1099,Normal
1100,Stressed
1101,Stressed
1102,Anxious
1103,Anxious
1104,Normal
1105,Normal
1106,Stressed
1107,Normal
1108,Anxious
1109,Stressed
1110,Anxious
1111,Normal
1112,Stressed
1113,Normal
1114,Anxious
1115,Normal
1116,Normal
1117,Normal
1118,Normal
1119,Stressed
1120,Normal
1121,Normal
1122,Normal
1123,Stressed
1124,Stressed
1125,Stressed
1126,Anxious
1127,Anxious
1128,Lonely
1129,Anxious
1130,Normal
1131,Anxious
1132,Anxious
1133,Stressed
1134,Normal
1135,Anxious
1136,Anxious
1137,Lonely
1138,Stressed
1139,Anxious
1140,Stressed
1141,Stressed
1142,Anxious
1143,Normal
1144,Normal
1145,Anxious
1146,Anxious
1147,Stressed
1148,Stressed
1149,Normal
1150,Anxious
1151,Normal
1152,Anxious
1153,Normal
1154,Anxious
1155,Anxious
1156,Stressed
1157,Normal
1158,Normal
1159,Lonely
1160,Stressed
1161,Normal
1162,Anxious
1163,Normal
1164,Anxious
1165,Normal
1166,Anxious
1167,Anxious
1168,Normal
1169,Anxious
1170,Normal
1171,Lonely
1172,Stressed
1173,Stressed
1174,Normal
1175,Normal
1176,Normal
1177,Anxious
1178,Normal
1179,Stressed
1180,Normal
1181,Anxious
1182,Normal
1183,Normal
1184,Normal
1185,Normal
1186,Normal
1187,Lonely
1188,Normal
1189,Anxious
1190,Anxious
1191,Anxious
1192,Anxious
1193,Stressed
1194,Anxious
1195,Anxious
1196,Normal
1197,Anxious
1198,Normal
1199,Normal
1200,Lonely
1201,Anxious
1202,Normal
1203,Normal
1204,Normal
1205,Anxious
1206,Anxious
1207,Normal
1208,Normal
1209,Normal
1210,Normal
1211,Lonely
1212,Lonely
1213,Normal
1214,Anxious
1215,Stressed
1216,Anxious
1217,Normal
1218,Stressed
1219,Normal
1220,Anxious
1221,Stressed
1222,Anxious
1223,Stressed
1224,Anxious
1225,Normal
1226,Anxious
1227,Anxious
1228,Normal
1229,Normal
1230,Anxious
1231,Anxious
1232,Anxious
1233,Stressed
1234,Stressed
1235,Anxious
1236,Stressed
1237,Anxious
1238,Normal
1239,Normal
1240,Anxious
1241,Stressed
1242,Lonely
1243,Normal
1244,Anxious
1245,Stressed
1246,Anxious
1247,Anxious
1248,Normal
1249,Normal
1250,Stressed
1251,Normal
1252,Anxious
1253,Anxious
1254,Stressed
1255,Normal
1256,Normal
1257,Anxious
1258,Normal
1259,Normal
1260,Anxious
1261,Lonely
1262,Stressed
1263,Anxious
1264,Anxious
1265,Stressed
1266,Stressed
1267,Anxious
1268,Lonely
1269,Normal
1270,Normal
1271,Normal
1272,Normal
1273,Anxious
1274,Stressed
1275,Normal
1276,Normal
1277,Stressed
1278,Anxious
1279,Normal
1280,Anxious
1281,Normal
1282,Anxious
1283,Normal
1284,Normal
1285,Lonely
1286,Normal
1287,Normal
1288,Anxious
1289,Stressed
1290,Lonely
1291,Normal
1292,Stressed
1293,Anxious
1294,Anxious
1295,Lonely
1296,Stressed
1297,Stressed
1298,Normal
1299,Anxious
1300,Normal
1301,Anxious
1302,Anxious
1303,Normal
1304,Anxious
1305,Lonely
1306,Normal
1307,Stressed
1308,Anxious
1309,Normal
1310,Anxious
1311,Stressed
1312,Normal
1313,Normal
1314,Normal
1315,Normal
1316,Stressed
1317,Anxious
1318,Normal
1319,Anxious
1320,Normal
1321,Normal
1322,Anxious
1323,Normal
1324,Normal
1325,Anxious
1326,Anxious
1327,Stressed
1328,Anxious
1329,Anxious
1330,Anxious
1331,Normal
1332,Normal
1333,Normal
1334,Anxious
1335,Anxious
1336,Normal
1337,Normal
1338,Anxious
1339,Normal
1340,Anxious
1341,Normal
1342,Normal
1343,Stressed
1344,Anxious
1345,Normal
1346,Normal
1347,Lonely
1348,Stressed
1349,Anxious
1350,Stressed
1351,Normal
1352,Normal
1353,Stressed
1354,Anxious
1355,Anxious
1356,Normal
1357,Anxious
1358,Anxious
1359,Stressed
1360,Anxious
1361,Anxious
1362,Normal
1363,Stressed
1364,Anxious
1365,Normal
1366,Anxious
1367,Normal
1368,Normal
1369,Normal
1370,Anxious
1371,Normal
1372,Normal
1373,Anxious
1374,Anxious
1375,Normal
1376,Anxious
1377,Normal
1378,Normal
1379,Lonely
1380,Anxious
1381,Stressed
1382,Anxious
1383,Normal
1384,Anxious
1385,Normal
1386,Normal
1387,Stressed
1388,Anxious
1389,Normal
1390,Anxious
1391,Normal
1392,Normal
1393,Normal
1394,Anxious
1395,Normal
1396,Anxious
1397,Stressed
1398,Normal
1399,Anxious
1400,Normal
1401,Anxious
1402,Normal
1403,Normal
1404,Anxious
1405,Anxious
1406,Anxious
1407,Normal
1408,Normal
1409,Normal
1410,Normal
1411,Anxious
1412,Stressed
1413,Anxious
1414,Normal
1415,Normal
1416,Normal
1417,Normal
1418,Normal
1419,Normal
1420,Anxious
1421,Normal
1422,Stressed
1423,Normal
1424,Normal
1425,Normal
1426,Anxious
1427,Normal
1428,Anxious
1429,Normal
1430,Anxious
1431,Lonely
1432,Anxious
1433,Normal
1434,Normal
1435,Normal
1436,Normal
1437,Normal
1438,Normal
1439,Anxious
1440,Lonely
1441,Anxious
1442,Anxious
1443,Anxious
1444,Anxious
1445,Stressed
1446,Anxious
1447,Anxious
1448,Anxious
1449,Stressed
1450,Anxious
1451,Stressed
1452,Anxious
1453,Normal
1454,Normal
1455,Lonely
1456,Normal
1457,Anxious
1458,Stressed
1459,Stressed
1460,Anxious
1461,Normal
1462,Normal
1463,Stressed
1464,Anxious
1465,Stressed
1466,Anxious
1467,Normal
1468,Stressed
1469,Normal
1470,Normal
1471,Normal
1472,Stressed
1473,Anxious
1474,Anxious
1475,Normal
1476,Anxious
1477,Anxious
1478,Anxious
1479,Anxious
1480,Normal
1481,Stressed
1482,Lonely
1483,Lonely
1484,Stressed
1485,Anxious
1486,Stressed
1487,Anxious
1488,Normal
1489,Anxious
1490,Normal
1491,Normal
1492,Anxious
1493,Normal
1494,Normal
1495,Normal
1496,Normal
1497,Anxious
1498,Normal
1499,Normal
1500,Normal
1501,Stressed
1502,Normal
1503,Anxious
1504,Stressed
1505,Normal
1506,Anxious
1507,Normal
1508,Anxious
1509,Anxious
1510,Anxious
1511,Stressed
1512,Stressed
1513,Stressed
1514,Anxious
1515,Normal
1516,Normal
1517,Normal
1518,Normal
1519,Stressed
1520,Normal
1521,Normal
1522,Normal
1523,Stressed
1524,Normal
1525,Stressed
1526,Anxious
1527,Normal
1528,Stressed
1529,Anxious
1530,Stressed
1531,Normal
1532,Normal
1533,Anxious
1534,Stressed
1535,Normal
1536,Anxious
1537,Normal
1538,Stressed
1539,Anxious
1540,Normal
1541,Stressed
1542,Normal
1543,Normal
1544,Anxious
1545,Anxious
1546,Anxious
1547,Stressed
1548,Normal
1549,Stressed
1550,Stressed
1551,Normal
1552,Stressed
1553,Normal
1554,Anxious
1555,Normal
1556,Stressed
1557,Stressed
1558,Anxious
1559,Normal
1560,Anxious
1561,Normal
1562,Normal
1563,Anxious
1564,Anxious
1565,Stressed
1566,Normal
1567,Normal
1568,Anxious
1569,Normal
1570,Lonely
1571,Stressed
1572,Anxious
1573,Anxious
1574,Normal
1575,Anxious
1576,Stressed
1577,Anxious
1578,Stressed
1579,Lonely
1580,Normal
1581,Normal
1582,Normal
1583,Stressed
1584,Lonely
1585,Normal
1586,Normal
1587,Normal
1588,Anxious
1589,Lonely
1590,Anxious
1591,Stressed
1592,Anxious
1593,Stressed
1594,Lonely
1595,Normal
1596,Normal
1597,Anxious
1598,Normal
1599,Anxious
1600,Normal
1601,Anxious
1602,Stressed
1603,Anxious
1604,Anxious
1605,Lonely
1606,Normal
1607,Normal
1608,Anxious
1609,Anxious
1610,Normal
1611,Normal
1612,Normal
1613,Stressed
1614,Anxious
1615,Normal
1616,Anxious
1617,Normal
1618,Anxious
1619,Anxious
1620,Stressed
1621,Stressed
1622,Stressed
1623,Normal
1624,Normal
1625,Anxious
1626,Normal
1627,Lonely
1628,Normal
1629,Normal
1630,Normal
1631,Normal
1632,Stressed
1633,Anxious
1634,Normal
1635,Normal
1636,Lonely
1637,Normal
1638,Anxious
1639,Anxious
1640,Stressed
1641,Anxious
1642,Stressed
1643,Normal
1644,Stressed
1645,Normal
1646,Normal
1647,Anxious
1648,Normal
1649,Normal
1650,Normal
1651,Normal
1652,Lonely
1653,Normal
1654,Normal
1655,Normal
1656,Anxious
1657,Normal
1658,Normal
1659,Anxious
1660,Normal
1661,Stressed
1662,Stressed
1663,Stressed
1664,Normal
1665,Lonely
1666,Normal
1667,Normal
1668,Stressed
1669,Stressed
1670,Stressed
1671,Anxious
1672,Normal
1673,Anxious
1674,Anxious
1675,Anxious
1676,Normal
1677,Stressed
1678,Normal
1679,Lonely
1680,Normal
1681,Anxious
1682,Normal
1683,Normal
1684,Anxious
1685,Stressed
1686,Anxious
1687,Normal
1688,Normal
1689,Anxious
1690,Anxious
1691,Lonely
1692,Anxious
1693,Stressed
1694,Normal
1695,Lonely
1696,Normal
1697,Anxious
1698,Stressed
1699,Normal
1700,Lonely
1701,Anxious
1702,Normal
1703,Stressed
1704,Anxious
1705,Normal
1706,Normal
1707,Normal
1708,Anxious
1709,Lonely
1710,Anxious
1711,Anxious
1712,Anxious
1713,Stressed
1714,Normal
1715,Anxious
1716,Stressed
1717,Normal
1718,Normal
1719,Anxious
1720,Stressed
1721,Anxious
1722,Anxious
1723,Normal
1724,Normal
1725,Normal
1726,Anxious
1727,Normal
1728,Normal
1729,Stressed
1730,Normal
1731,Stressed
1732,Stressed
1733,Normal
1734,Normal
1735,Anxious
1736,Normal
1737,Normal
1738,Normal
1739,Anxious
1740,Normal
1741,Anxious
1742,Stressed
1743,Stressed
1744,Anxious
1745,Anxious
1746,Anxious
1747,Stressed
1748,Stressed
1749,Anxious
1750,Anxious
1751,Lonely
1752,Normal
1753,Lonely
1754,Anxious
1755,Stressed
1756,Anxious
1757,Anxious
1758,Normal
1759,Stressed
1760,Lonely
1761,Normal
1762,Stressed
1763,Stressed
1764,Normal
1765,Normal
1766,Anxious
1767,Normal
1768,Normal
1769,Stressed
1770,Normal
1771,Anxious
1772,Normal
1773,Normal
1774,Normal
1775,Normal
1776,Normal
1777,Anxious
1778,Normal
1779,Normal
1780,Normal
1781,Normal
1782,Normal
1783,Normal
1784,Normal
1785,Stressed
1786,Normal
1787,Lonely
1788,Anxious
1789,Anxious
1790,Anxious
1791,Normal
1792,Anxious
1793,Stressed
1794,Anxious
1795,Normal
1796,Normal
1797,Anxious
1798,Lonely
1799,Normal
1800,Anxious
1801,Anxious
1802,Normal
1803,Normal
1804,Normal
1805,Stressed
1806,Anxious
1807,Anxious
1808,Normal
1809,Anxious
1810,Normal
1811,Anxious
1812,Normal
1813,Normal
1814,Normal
1815,Normal
1816,Stressed
1817,Normal
1818,Normal
1819,Normal
1820,Normal
1821,Normal
1822,Normal
1823,Normal
1824,Anxious
1825,Normal
1826,Normal
1827,Stressed
1828,Normal
1829,Stressed
1830,Lonely
1831,Normal
1832,Normal
1833,Anxious
1834,Anxious
1835,Stressed
1836,Normal
1837,Anxious
1838,Normal
1839,Stressed
1840,Normal
1841,Stressed
1842,Anxious
1843,Anxious
1844,Normal
1845,Anxious
1846,Anxious
1847,Anxious
1848,Anxious
1849,Normal
1850,Stressed
1851,Normal
1852,Normal
1853,Normal
1854,Anxious
1855,Normal
1856,Anxious
1857,Stressed
1858,Normal
1859,Anxious
1860,Normal
1861,Normal
1862,Normal
1863,Anxious
1864,Anxious
1865,Stressed
1866,Normal
1867,Anxious
1868,Stressed
1869,Anxious
1870,Normal
1871,Normal
1872,Normal
1873,Lonely
1874,Normal
1875,Normal
1876,Stressed
1877,Stressed
1878,Anxious
1879,Normal
1880,Stressed
1881,Normal
1882,Normal
1883,Normal
1884,Anxious
1885,Normal
1886,Normal
1887,Normal
1888,Anxious
1889,Normal
1890,Stressed
1891,Normal
1892,Normal
1893,Anxious
1894,Normal
1895,Anxious
1896,Normal
1897,Normal
1898,Anxious
1899,Stressed
1900,Anxious
1901,Normal
1902,Anxious
1903,Stressed
1904,Lonely
1905,Anxious
1906,Stressed
1907,Anxious
1908,Normal
1909,Normal
1910,Anxious
1911,Anxious
1912,Anxious
1913,Normal
1914,Anxious
1915,Anxious
1916,Anxious
1917,Normal
1918,Stressed
1919,Lonely
1920,Normal
1921,Lonely
1922,Normal
1923,Normal
1924,Stressed
1925,Normal
1926,Normal
1927,Anxious
1928,Stressed
1929,Anxious
1930,Anxious
1931,Normal
1932,Normal
1933,Anxious
1934,Normal
1935,Normal
1936,Normal
1937,Stressed
1938,Anxious
1939,Normal
1940,Normal
1941,Stressed
1942,Normal
1943,Normal
1944,Normal
1945,Stressed
1946,Anxious
1947,Lonely
1948,Anxious
1949,Normal
1950,Anxious
1951,Normal
1952,Normal
1953,Normal
1954,Lonely
1955,Normal
1956,Normal
1957,Normal
1958,Normal
1959,Normal
1960,Normal
1961,Anxious
1962,Anxious
1963,Anxious
1964,Stressed
1965,Normal
1966,Stressed
1967,Normal
1968,Anxious
1969,Normal
1970,Stressed
1971,Stressed
1972,Normal
1973,Normal
1974,Anxious
1975,Normal
1976,Anxious
1977,Anxious
1978,Normal
1979,Normal
1980,Anxious
1981,Stressed
1982,Normal
1983,Anxious
1984,Stressed
1985,Stressed
1986,Normal
1987,Stressed
1988,Normal
1989,Stressed
1990,Stressed
1991,Anxious
1992,Normal
1993,Stressed
1994,Normal
1995,Normal
1996,Normal
1997,Stressed
1998,Anxious
1999,Stressed
2000,Anxious
2001,Anxious
2002,Anxious
2003,Normal
2004,Stressed
2005,Normal
2006,Anxious
2007,Lonely
2008,Normal
2009,Stressed
2010,Anxious
2011,Stressed
2012,Anxious
2013,Normal
2014,Normal
2015,Normal
2016,Normal
2017,Anxious
2018,Normal
2019,Anxious
2020,Normal
2021,Normal
2022,Anxious
2023,Normal
2024,Normal
2025,Anxious
2026,Anxious
2027,Normal
2028,Normal
2029,Anxious
2030,Anxious
2031,Normal
2032,Anxious
2033,Normal
2034,Normal
2035,Anxious
2036,Normal
2037,Normal
2038,Normal
2039,Anxious
2040,Normal
2041,Stressed
2042,Normal
2043,Anxious
2044,Normal
2045,Normal
2046,Normal
2047,Anxious
2048,Stressed
2049,Normal
2050,Anxious
2051,Stressed
2052,Anxious
2053,Anxious
2054,Normal
2055,Stressed
2056,Lonely
2057,Anxious
2058,Normal
2059,Stressed
2060,Normal
2061,Anxious
2062,Anxious
2063,Anxious
2064,Normal
2065,Anxious
2066,Anxious
2067,Anxious
2068,Normal
2069,Normal
2070,Anxious
2071,Stressed
2072,Normal
2073,Anxious
2074,Normal
2075,Anxious
2076,Anxious
2077,Normal
2078,Normal
2079,Anxious
2080,Anxious
2081,Normal
2082,Normal
2083,Normal
2084,Stressed
2085,Stressed
2086,Stressed
2087,Normal
2088,Normal
2089,Anxious
2090,Anxious
2091,Normal
2092,Normal
2093,Normal
2094,Anxious
2095,Normal
2096,Stressed
2097,Anxious
2098,Anxious
2099,Normal
2100,Stressed
2101,Normal
2102,Normal
2103,Anxious
2104,Normal
2105,Stressed
2106,Normal
2107,Normal
2108,Normal
2109,Anxious
2110,Stressed
2111,Normal
2112,Stressed
2113,Anxious
2114,Anxious
2115,Anxious
2116,Normal
2117,Normal
2118,Normal
2119,Anxious
2120,Anxious
2121,Normal
2122,Stressed
2123,Normal
2124,Anxious
2125,Normal
2126,Anxious
2127,Stressed
2128,Stressed
2129,Anxious
2130,Normal
2131,Normal
2132,Anxious
2133,Normal
2134,Stressed
2135,Anxious
2136,Normal
2137,Stressed
2138,Anxious
2139,Normal
2140,Normal
2141,Anxious
2142,Normal
2143,Anxious
2144,Anxious
2145,Anxious
2146,Normal
2147,Normal
2148,Normal
2149,Stressed
2150,Stressed
2151,Normal
2152,Normal
2153,Anxious
2154,Normal
2155,Normal
2156,Stressed
2157,Stressed
2158,Normal
2159,Stressed
2160,Normal
2161,Normal
2162,Anxious
2163,Normal
2164,Anxious
2165,Anxious
2166,Anxious
2167,Normal
2168,Stressed
2169,Normal
2170,Anxious
2171,Anxious
2172,Normal
2173,Anxious
2174,Normal
2175,Anxious
2176,Normal
2177,Lonely
2178,Normal
2179,Stressed
2180,Normal
2181,Normal
2182,Anxious
2183,Stressed
2184,Normal
2185,Anxious
2186,Normal
2187,Normal
2188,Lonely
2189,Anxious
2190,Anxious
2191,Anxious
2192,Normal
2193,Normal
2194,Anxious
2195,Normal
2196,Stressed
2197,Normal
2198,Anxious
2199,Normal
2200,Anxious
2201,Normal
2202,Normal
2203,Normal
2204,Anxious
2205,Normal
2206,Anxious
2207,Normal
2208,Normal
2209,Anxious
2210,Stressed
2211,Normal
2212,Normal
2213,Anxious
2214,Anxious
2215,Anxious
2216,Anxious
2217,Normal
2218,Normal
2219,Normal
2220,Normal
2221,Anxious
2222,Stressed
2223,Stressed
2224,Anxious
2225,Normal
2226,Anxious
2227,Anxious
2228,Stressed
2229,Normal
2230,Lonely
2231,Anxious
2232,Stressed
2233,Stressed
2234,Normal
2235,Lonely
2236,Normal
2237,Anxious
2238,Anxious
2239,Normal
2240,Lonely
2241,Normal
2242,Anxious
2243,Normal
2244,Stressed
2245,Stressed
2246,Normal
2247,Anxious
2248,Stressed
2249,Anxious
2250,Normal
2251,Normal
2252,Anxious
2253,Anxious
2254,Anxious
2255,Normal
2256,Stressed
2257,Anxious
2258,Normal
2259,Anxious
2260,Normal
2261,Anxious
2262,Normal
2263,Stressed
2264,Stressed
2265,Anxious
2266,Normal
2267,Stressed
2268,Anxious
2269,Anxious
2270,Anxious
2271,Anxious
2272,Normal
2273,Stressed
2274,Anxious
2275,Normal
2276,Normal
2277,Stressed
2278,Normal
2279,Anxious
2280,Anxious
2281,Anxious
2282,Stressed
2283,Anxious
2284,Anxious
2285,Stressed
2286,Anxious
2287,Normal
2288,Normal
2289,Stressed
2290,Stressed
2291,Normal
2292,Anxious
2293,Anxious
2294,Normal
2295,Stressed
2296,Normal
2297,Normal
2298,Normal
2299,Normal
2300,Anxious
2301,Stressed
2302,Normal
2303,Stressed
2304,Normal
2305,Normal
2306,Normal
2307,Stressed
2308,Anxious
2309,Normal
2310,Anxious
2311,Anxious
2312,Anxious
2313,Normal
2314,Normal
2315,Normal
2316,Anxious
2317,Normal
2318,Normal
2319,Normal
2320,Anxious
2321,Normal
2322,Lonely
2323,Anxious
2324,Anxious
2325,Normal
2326,Anxious
2327,Stressed
2328,Normal
2329,Anxious
2330,Anxious
2331,Stressed
2332,Normal
2333,Stressed
2334,Anxious
2335,Anxious
2336,Normal
2337,Normal
2338,Normal
2339,Normal
2340,Anxious
2341,Anxious
2342,Anxious
2343,Normal
2344,Normal
2345,Normal
2346,Anxious
2347,Normal
2348,Normal
2349,Lonely
2350,Anxious
2351,Anxious
2352,Normal
2353,Anxious
2354,Anxious
2355,Stressed
2356,Normal
2357,Anxious
2358,Anxious
2359,Normal
2360,Normal
2361,Anxious
2362,Anxious
2363,Anxious
2364,Stressed
2365,Normal
2366,Anxious
2367,Stressed
2368,Normal
2369,Anxious
2370,Normal
2371,Normal
2372,Stressed
2373,Normal
2374,Stressed
2375,Normal
2376,Anxious
2377,Anxious
2378,Normal
2379,Normal
2380,Anxious
2381,Normal
2382,Stressed
2383,Normal
2384,Anxious
2385,Normal
2386,Anxious
2387,Lonely
2388,Stressed
2389,Stressed
2390,Anxious
2391,Normal
2392,Anxious
2393,Anxious
2394,Stressed
2395,Anxious
2396,Normal
2397,Stressed
2398,Anxious
2399,Stressed
2400,Anxious
2401,Anxious
2402,Anxious
2403,Anxious
2404,Normal
2405,Anxious
2406,Normal
2407,Stressed
2408,Anxious
2409,Normal
2410,Normal
2411,Normal
2412,Normal
2413,Normal
2414,Anxious
2415,Normal
2416,Stressed
2417,Normal
2418,Normal
2419,Normal
2420,Normal
2421,Anxious
2422,Anxious
2423,Anxious
2424,Normal
2425,Normal
2426,Stressed
2427,Anxious
2428,Stressed
2429,Normal
2430,Stressed
2431,Normal
2432,Anxious
2433,Normal
2434,Normal
2435,Anxious
2436,Normal
2437,Stressed
2438,Stressed
2439,Lonely
2440,Lonely
2441,Normal
2442,Normal
2443,Normal
2444,Anxious
2445,Stressed
2446,Stressed
2447,Stressed
2448,Anxious
2449,Normal
2450,Normal
2451,Anxious
2452,Normal
2453,Stressed
2454,Anxious
2455,Anxious
2456,Anxious
2457,Stressed
2458,Stressed
2459,Normal
2460,Anxious
2461,Anxious
2462,Anxious
2463,Normal
2464,Normal
2465,Lonely
2466,Stressed
2467,Anxious
2468,Normal
2469,Stressed
2470,Normal
2471,Anxious
2472,Normal
2473,Normal
2474,Anxious
2475,Normal
2476,Anxious
2477,Stressed
2478,Anxious
2479,Anxious
2480,Anxious
2481,Stressed
2482,Normal
2483,Normal
2484,Anxious
2485,Anxious
2486,Normal
2487,Normal
2488,Anxious
2489,Normal
2490,Anxious
2491,Normal
2492,Anxious
2493,Anxious
2494,Lonely
2495,Normal
2496,Normal
2497,Normal
2498,Anxious
2499,Anxious
2500,Normal
2501,Normal
2502,Stressed
2503,Normal
2504,Stressed
2505,Stressed
2506,Anxious
2507,Normal
2508,Anxious
2509,Stressed
2510,Stressed
2511,Normal
2512,Normal
2513,Normal
2514,Normal
2515,Normal
2516,Normal
2517,Normal
2518,Normal
2519,Normal
2520,Normal
2521,Anxious
2522,Anxious
2523,Normal
2524,Normal
2525,Normal
2526,Stressed
2527,Anxious
2528,Anxious
2529,Stressed
2530,Normal
2531,Lonely
2532,Normal
2533,Anxious
2534,Normal
2535,Normal
2536,Anxious
2537,Anxious
2538,Lonely
2539,Stressed
2540,Normal
2541,Stressed
2542,Normal
2543,Anxious
2544,Anxious
2545,Anxious
2546,Normal
2547,Anxious
2548,Normal
2549,Normal
2550,Normal
2551,Normal
2552,Stressed
2553,Anxious
2554,Anxious
2555,Stressed
2556,Normal
2557,Anxious
2558,Normal
2559,Anxious
2560,Normal
2561,Anxious
2562,Anxious
2563,Stressed
2564,Normal
2565,Anxious
2566,Anxious
2567,Normal
2568,Anxious
2569,Lonely
2570,Anxious
2571,Stressed
2572,Anxious
2573,Stressed
2574,Normal
2575,Lonely
2576,Anxious
2577,Anxious
2578,Anxious
2579,Stressed
2580,Normal
2581,Normal
2582,Stressed
2583,Normal
2584,Anxious
2585,Anxious
2586,Normal
2587,Lonely
2588,Stressed
2589,Normal
2590,Normal
2591,Normal
2592,Anxious
2593,Normal
2594,Anxious
2595,Anxious
2596,Anxious
2597,Normal
2598,Normal
2599,Normal
2600,Normal
2601,Normal
2602,Normal
2603,Anxious
2604,Anxious
2605,Anxious
2606,Stressed
2607,Stressed
2608,Normal
2609,Normal
2610,Normal
2611,Normal
2612,Anxious
2613,Anxious
2614,Anxious
2615,Normal
2616,Anxious
2617,Anxious
2618,Anxious
2619,Normal
2620,Normal
2621,Anxious
2622,Normal
2623,Anxious
2624,Anxious
2625,Normal
2626,Stressed
2627,Normal
2628,Lonely
2629,Anxious
2630,Anxious
2631,Anxious
2632,Lonely
2633,Anxious
2634,Normal
2635,Normal
2636,Normal
2637,Normal
2638,Normal
2639,Normal
2640,Anxious
2641,Normal
2642,Lonely
2643,Anxious
2644,Anxious
2645,Anxious
2646,Anxious
2647,Anxious
2648,Anxious
2649,Normal
2650,Normal
2651,Normal
2652,Normal
2653,Stressed
2654,Normal
2655,Anxious
2656,Stressed
2657,Anxious
2658,Anxious
2659,Stressed
2660,Anxious
2661,Normal
2662,Normal
2663,Normal
2664,Lonely
2665,Normal
2666,Anxious
2667,Lonely
2668,Normal
2669,Normal
2670,Stressed
2671,Normal
2672,Anxious
2673,Normal
2674,Normal
2675,Normal
2676,Stressed
2677,Anxious
2678,Stressed
2679,Lonely
2680,Anxious
2681,Anxious
2682,Normal
2683,Normal
2684,Anxious
2685,Anxious
2686,Stressed
2687,Stressed
2688,Stressed
2689,Normal
2690,Normal
2691,Stressed
2692,Normal
2693,Anxious
2694,Normal
2695,Anxious
2696,Normal
2697,Anxious
2698,Normal
2699,Normal
2700,Normal
2701,Stressed
2702,Anxious
2703,Normal
2704,Anxious
2705,Anxious
2706,Normal
2707,Anxious
2708,Anxious
2709,Normal
2710,Anxious
2711,Normal
2712,Normal
2713,Stressed
2714,Stressed
2715,Anxious
2716,Normal
2717,Anxious
2718,Normal
2719,Anxious
2720,Normal
2721,Normal
2722,Normal
2723,Anxious
2724,Anxious
2725,Lonely
2726,Anxious
2727,Anxious
2728,Normal
2729,Normal
2730,Stressed
2731,Stressed
2732,Anxious
2733,Normal
2734,Anxious
2735,Normal
2736,Anxious
2737,Anxious
2738,Lonely
2739,Normal
2740,Normal
2741,Normal
2742,Normal
2743,Anxious
2744,Normal
2745,Anxious
2746,Anxious
2747,Stressed
2748,Normal
2749,Anxious
2750,Stressed
2751,Normal
2752,Anxious
2753,Anxious
2754,Anxious
2755,Anxious
2756,Normal
2757,Anxious
2758,Anxious
2759,Stressed
2760,Normal
2761,Normal
2762,Anxious
2763,Anxious
2764,Normal
2765,Anxious
2766,Normal
2767,Normal
2768,Lonely
2769,Stressed
2770,Normal
2771,Stressed
2772,Normal
2773,Normal
2774,Normal
2775,Anxious
2776,Normal
2777,Anxious
2778,Normal
2779,Stressed
2780,Normal
2781,Normal
2782,Anxious
2783,Stressed
2784,Normal
2785,Stressed
2786,Anxious
2787,Normal
2788,Normal
2789,Normal
2790,Normal
2791,Normal
2792,Normal
2793,Normal
2794,Lonely
2795,Anxious
2796,Normal
2797,Anxious
2798,Normal
2799,Anxious
2800,Anxious
2801,Stressed
2802,Lonely
2803,Stressed
2804,Anxious
2805,Anxious
2806,Anxious
2807,Stressed
2808,Anxious
2809,Normal
2810,Normal
2811,Anxious
2812,Stressed
2813,Anxious
2814,Normal
2815,Normal
2816,Normal
2817,Normal
2818,Lonely
2819,Normal
2820,Normal
2821,Anxious
2822,Anxious
2823,Anxious
2824,Stressed
2825,Anxious
2826,Stressed
2827,Stressed
2828,Lonely
2829,Normal
2830,Anxious
2831,Normal
2832,Normal
2833,Normal
2834,Normal
2835,Normal
2836,Anxious
2837,Anxious
2838,Normal
2839,Anxious
2840,Normal
2841,Anxious
2842,Normal
2843,Anxious
2844,Normal
2845,Normal
2846,Stressed
2847,Normal
2848,Normal
2849,Normal
2850,Anxious
2851,Anxious
2852,Stressed
2853,Normal
2854,Anxious
2855,Normal
2856,Anxious
2857,Anxious
2858,Stressed
2859,Lonely
2860,Normal
2861,Stressed
2862,Anxious
2863,Normal
2864,Stressed
2865,Anxious
2866,Normal
2867,Normal
2868,Normal
2869,Stressed
2870,Normal
2871,Normal
2872,Stressed
2873,Anxious
2874,Anxious
2875,Normal
2876,Anxious
2877,Normal
2878,Normal
2879,Normal
2880,Stressed
2881,Stressed
2882,Anxious
2883,Normal
2884,Normal
2885,Stressed
2886,Anxious
2887,Anxious
2888,Stressed
2889,Anxious
2890,Normal
2891,Normal
2892,Normal
2893,Stressed
2894,Normal
2895,Anxious
2896,Normal
2897,Stressed
2898,Anxious
2899,Stressed
2900,Stressed
2901,Stressed
2902,Stressed
2903,Anxious
2904,Normal
2905,Normal
2906,Normal
2907,Anxious
2908,Anxious
2909,Stressed
2910,Anxious
2911,Normal
2912,Normal
2913,Normal
2914,Stressed
2915,Stressed
2916,Anxious
2917,Stressed
2918,Anxious
2919,Stressed
2920,Anxious
2921,Anxious
2922,Normal
2923,Anxious
2924,Normal
2925,Anxious
2926,Stressed
2927,Anxious
2928,Anxious
2929,Normal
2930,Anxious
2931,Stressed
2932,Normal
2933,Normal
2934,Normal
2935,Anxious
2936,Anxious
2937,Normal
2938,Normal
2939,Normal
2940,Normal
2941,Normal
2942,Normal
2943,Normal
2944,Anxious
2945,Normal
2946,Stressed
2947,Normal
2948,Normal
2949,Stressed
2950,Anxious
2951,Normal
2952,Anxious
2953,Stressed
2954,Normal
2955,Normal
2956,Anxious
2957,Normal
2958,Normal
2959,Normal
2960,Normal
2961,Anxious
2962,Anxious
2963,Anxious
2964,Anxious
2965,Normal
2966,Normal
2967,Normal
2968,Lonely
2969,Anxious
2970,Stressed
2971,Anxious
2972,Anxious
2973,Anxious
2974,Normal
2975,Stressed
2976,Anxious
2977,Anxious
2978,Anxious
2979,Stressed
2980,Anxious
2981,Lonely
2982,Normal
2983,Normal
2984,Anxious
2985,Lonely
2986,Normal
2987,Normal
2988,Normal
2989,Anxious
2990,Anxious
2991,Anxious
2992,Normal
2993,Stressed
2994,Normal
2995,Anxious
2996,Stressed
2997,Stressed
2998,Stressed
2999,Normal
3000,Normal
3001,Stressed
3002,Anxious
3003,Stressed
3004,Normal
3005,Anxious
3006,Stressed
3007,Normal
3008,Anxious
3009,Anxious
3010,Stressed
3011,Anxious
3012,Normal
3013,Normal
3014,Normal
3015,Anxious
3016,Stressed
3017,Stressed
3018,Anxious
3019,Anxious
3020,Normal
3021,Anxious
3022,Stressed
3023,Anxious
3024,Normal
3025,Normal
3026,Stressed
3027,Anxious
3028,Normal
3029,Anxious
3030,Anxious
3031,Normal
3032,Normal
3033,Normal
3034,Stressed
3035,Normal
3036,Normal
3037,Anxious
3038,Stressed
3039,Normal
3040,Normal
3041,Stressed
3042,Stressed
3043,Anxious
3044,Stressed
3045,Anxious
3046,Stressed
3047,Stressed
3048,Anxious
3049,Anxious
3050,Lonely
3051,Anxious
3052,Stressed
3053,Anxious
3054,Normal
3055,Normal
3056,Normal
3057,Normal
3058,Stressed
3059,Normal
3060,Stressed
3061,Anxious
3062,Anxious
3063,Anxious
3064,Normal
3065,Stressed
3066,Normal
3067,Stressed
3068,Anxious
3069,Normal
3070,Normal
3071,Normal
3072,Anxious
3073,Lonely
3074,Normal
3075,Normal
3076,Normal
3077,Normal
3078,Anxious
3079,Stressed
3080,Anxious
3081,Stressed
3082,Normal
3083,Lonely
3084,Stressed
3085,Normal
3086,Normal
3087,Anxious
3088,Stressed
3089,Stressed
3090,Normal
3091,Lonely
3092,Normal
3093,Normal
3094,Anxious
3095,Normal
3096,Normal
3097,Stressed
3098,Anxious
3099,Anxious
3100,Normal
3101,Anxious
3102,Normal
3103,Normal
3104,Stressed
3105,Anxious
3106,Normal
3107,Anxious
3108,Normal
3109,Normal
3110,Lonely
3111,Anxious
3112,Normal
3113,Normal
3114,Lonely
3115,Normal
3116,Normal
3117,Normal
3118,Anxious
3119,Normal
3120,Anxious
3121,Normal
3122,Lonely
3123,Stressed
3124,Stressed
3125,Normal
3126,Anxious
3127,Normal
3128,Normal
3129,Anxious
3130,Stressed
3131,Stressed
3132,Normal
3133,Stressed
3134,Lonely
3135,Stressed
3136,Stressed
3137,Anxious
3138,Anxious
3139,Normal
3140,Anxious
3141,Anxious
3142,Anxious
3143,Stressed
3144,Normal
3145,Anxious
3146,Anxious
3147,Normal
3148,Anxious
3149,Anxious
3150,Normal
3151,Normal
3152,Stressed
3153,Normal
3154,Normal
3155,Stressed
3156,Normal
3157,Anxious
3158,Stressed
3159,Normal
3160,Stressed
3161,Stressed
3162,Normal
3163,Anxious
3164,Normal
3165,Normal
3166,Anxious
3167,Anxious
3168,Normal
3169,Normal
3170,Normal
3171,Stressed
3172,Anxious
3173,Anxious
3174,Anxious
3175,Normal
3176,Normal
3177,Anxious
3178,Normal
3179,Normal
3180,Stressed
3181,Normal
3182,Normal
3183,Stressed
3184,Stressed
3185,Normal
3186,Normal
3187,Stressed
3188,Anxious
3189,Normal
3190,Anxious
3191,Normal
3192,Stressed
3193,Normal
3194,Anxious
3195,Normal
3196,Stressed
3197,Stressed
3198,Anxious
3199,Normal
3200,Normal
3201,Stressed
3202,Normal
3203,Normal
3204,Anxious
3205,Anxious
3206,Normal
3207,Normal
3208,Stressed
3209,Anxious
3210,Stressed
3211,Stressed
3212,Normal
3213,Anxious
3214,Normal
3215,Anxious
3216,Anxious
3217,Stressed
3218,Anxious
3219,Normal
3220,Anxious
3221,Anxious
3222,Stressed
3223,Normal
3224,Anxious
3225,Anxious
3226,Normal
3227,Anxious
3228,Anxious
3229,Stressed
3230,Anxious
3231,Lonely
3232,Anxious
3233,Normal
3234,Stressed
3235,Normal
3236,Anxious
3237,Normal
3238,Anxious
3239,Normal
3240,Normal
3241,Stressed
3242,Normal
3243,Stressed
3244,Normal
3245,Normal
3246,Stressed
3247,Anxious
3248,Anxious
3249,Anxious
3250,Lonely
3251,Normal
3252,Normal
3253,Normal
3254,Normal
3255,Normal
3256,Normal
3257,Anxious
3258,Stressed
3259,Normal
3260,Stressed
3261,Stressed
3262,Stressed
3263,Anxious
3264,Normal
3265,Normal
3266,Stressed
3267,Normal
3268,Anxious
3269,Normal
3270,Anxious
3271,Normal
3272,Normal
3273,Normal
3274,Normal
3275,Anxious
3276,Anxious
3277,Normal
3278,Anxious
3279,Stressed
3280,Anxious
3281,Anxious
3282,Stressed
3283,Anxious
3284,Normal
3285,Anxious
3286,Normal
3287,Stressed
3288,Anxious
3289,Lonely
3290,Anxious
3291,Stressed
3292,Normal
3293,Normal
3294,Lonely
3295,Anxious
3296,Normal
3297,Normal
3298,Normal
3299,Anxious
3300,Normal
3301,Anxious
3302,Anxious
3303,Anxious
3304,Normal
3305,Normal
3306,Stressed
3307,Anxious
3308,Stressed
3309,Anxious
3310,Anxious
3311,Anxious
3312,Stressed
3313,Anxious
3314,Stressed
3315,Stressed
3316,Normal
3317,Stressed
3318,Normal
3319,Stressed
3320,Lonely
3321,Stressed
3322,Normal
3323,Stressed
3324,Anxious
3325,Lonely
3326,Anxious
3327,Lonely
3328,Stressed
3329,Normal
3330,Anxious
3331,Normal
3332,Normal
3333,Normal
3334,Anxious
3335,Normal
3336,Normal
3337,Stressed
3338,Lonely
3339,Anxious
3340,Normal
3341,Lonely
3342,Anxious
3343,Normal
3344,Normal
3345,Normal
3346,Anxious
3347,Stressed
3348,Normal
3349,Anxious
3350,Normal
3351,Anxious
3352,Normal
3353,Normal
3354,Anxious
3355,Anxious
3356,Stressed
3357,Anxious
3358,Anxious
3359,Anxious
3360,Anxious
3361,Stressed
3362,Normal
3363,Stressed
3364,Anxious
3365,Anxious
3366,Normal
3367,Stressed
3368,Stressed
3369,Normal
3370,Normal
3371,Normal
3372,Normal
3373,Normal
3374,Normal
3375,Normal
3376,Normal
3377,Stressed
3378,Normal
3379,Normal
3380,Normal
3381,Normal
3382,Anxious
3383,Normal
3384,Normal
3385,Anxious
3386,Normal
3387,Normal
3388,Stressed
3389,Stressed
3390,Lonely
3391,Stressed
3392,Anxious
3393,Normal
3394,Stressed
3395,Anxious
3396,Anxious
3397,Anxious
3398,Normal
3399,Anxious
3400,Lonely
3401,Normal
3402,Anxious
3403,Anxious
3404,Normal
3405,Stressed
3406,Stressed
3407,Normal
3408,Normal
3409,Anxious
3410,Anxious
3411,Normal
3412,Normal
3413,Normal
3414,Anxious
3415,Stressed
3416,Normal
3417,Anxious
3418,Stressed
3419,Normal
3420,Anxious
3421,Lonely
3422,Anxious
3423,Normal
3424,Anxious
3425,Normal
3426,Normal
3427,Normal
3428,Anxious
3429,Stressed
3430,Anxious
3431,Anxious
3432,Lonely
3433,Stressed
3434,Normal
3435,Normal
3436,Anxious
3437,Stressed
3438,Anxious
3439,Anxious
3440,Normal
3441,Lonely
3442,Anxious
3443,Stressed
3444,Anxious
3445,Normal
3446,Normal
3447,Anxious
3448,Anxious
3449,Stressed
3450,Anxious
3451,Normal
3452,Anxious
3453,Anxious
3454,Anxious
3455,Anxious
3456,Stressed
3457,Anxious
3458,Stressed
3459,Normal
3460,Anxious
3461,Normal
3462,Normal
3463,Anxious
3464,Anxious
3465,Stressed
3466,Normal
3467,Anxious
3468,Normal
3469,Stressed
3470,Stressed
3471,Normal
3472,Normal
3473,Anxious
3474,Stressed
3475,Anxious
3476,Normal
3477,Lonely
3478,Normal
3479,Normal
3480,Anxious
3481,Anxious
3482,Anxious
3483,Normal
3484,Stressed
3485,Anxious
3486,Normal
3487,Stressed
3488,Anxious
3489,Anxious
3490,Normal
3491,Normal
3492,Normal
3493,Normal
3494,Anxious
3495,Stressed
3496,Normal
3497,Lonely
3498,Normal
3499,Normal
3500,Normal
3501,Stressed
3502,Stressed
3503,Normal
3504,Normal
3505,Normal
3506,Anxious
3507,Anxious
3508,Normal
3509,Anxious
3510,Normal
3511,Anxious
3512,Normal
3513,Stressed
3514,Anxious
3515,Normal
3516,Normal
3517,Normal
3518,Normal
3519,Stressed
3520,Anxious
3521,Stressed
3522,Normal
3523,Normal
3524,Normal
3525,Anxious
3526,Normal
3527,Normal
3528,Normal
3529,Anxious
3530,Stressed
3531,Normal
3532,Normal
3533,Stressed
3534,Normal
3535,Normal
3536,Lonely
3537,Stressed
3538,Normal
3539,Stressed
3540,Normal
3541,Anxious
3542,Anxious
3543,Anxious
3544,Anxious
3545,Anxious
3546,Anxious
3547,Normal
3548,Normal
3549,Stressed
3550,Anxious
3551,Anxious
3552,Normal
3553,Anxious
3554,Anxious
3555,Lonely
3556,Stressed
3557,Anxious
3558,Anxious
3559,Normal
3560,Normal
3561,Normal
3562,Normal
3563,Stressed
3564,Normal
3565,Stressed
3566,Anxious
3567,Normal
3568,Anxious
3569,Normal
3570,Normal
3571,Normal
3572,Stressed
3573,Anxious
3574,Stressed
3575,Anxious
3576,Lonely
3577,Anxious
3578,Normal
3579,Normal
3580,Anxious
3581,Normal
3582,Stressed
3583,Anxious
3584,Normal
3585,Anxious
3586,Stressed
3587,Anxious
3588,Stressed
3589,Anxious
3590,Normal
3591,Anxious
3592,Anxious
3593,Normal
3594,Anxious
3595,Anxious
3596,Normal
3597,Anxious
3598,Normal
3599,Normal
3600,Anxious
3601,Anxious
3602,Stressed
3603,Anxious
3604,Normal
3605,Anxious
3606,Normal
3607,Anxious
3608,Normal
3609,Normal
3610,Anxious
3611,Lonely
3612,Anxious
3613,Normal
3614,Lonely
3615,Normal
3616,Normal
3617,Normal
3618,Anxious
3619,Normal
3620,Normal
3621,Normal
3622,Normal
3623,Normal
3624,Normal
3625,Normal
3626,Normal
3627,Anxious
3628,Normal
3629,Anxious
3630,Normal
3631,Anxious
3632,Normal
3633,Anxious
3634,Stressed
3635,Anxious
3636,Anxious
3637,Anxious
3638,Stressed
3639,Anxious
3640,Lonely
3641,Anxious
3642,Anxious
3643,Anxious
3644,Anxious
3645,Anxious
3646,Stressed
3647,Stressed
3648,Normal
3649,Normal
3650,Normal
3651,Normal
3652,Anxious
3653,Normal
3654,Stressed
3655,Anxious
3656,Stressed
3657,Anxious
3658,Normal
3659,Normal
3660,Anxious
3661,Anxious
3662,Normal
3663,Normal
3664,Anxious
3665,Anxious
3666,Anxious
3667,Anxious
3668,Anxious
3669,Stressed
3670,Normal
3671,Anxious
3672,Stressed
3673,Normal
3674,Normal
3675,Normal
3676,Stressed
3677,Normal
3678,Stressed
3679,Anxious
3680,Anxious
3681,Stressed
3682,Normal
3683,Anxious
3684,Normal
3685,Normal
3686,Anxious
3687,Anxious
3688,Normal
3689,Anxious
3690,Normal
3691,Stressed
3692,Normal
3693,Anxious
3694,Anxious
3695,Normal
3696,Anxious
3697,Anxious
3698,Anxious
3699,Normal
3700,Normal
3701,Normal
3702,Normal
3703,Normal
3704,Normal
3705,Anxious
3706,Normal
3707,Lonely
3708,Normal
3709,Normal
3710,Normal
3711,Normal
3712,Stressed
3713,Stressed
3714,Normal
3715,Normal
3716,Normal
3717,Normal
3718,Anxious
3719,Lonely
3720,Lonely
3721,Lonely
3722,Stressed
3723,Stressed
3724,Normal
3725,Normal
3726,Normal
3727,Normal
3728,Normal
3729,Stressed
3730,Anxious
3731,Normal
3732,Normal
3733,Normal
3734,Stressed
3735,Normal
3736,Normal
3737,Anxious
3738,Normal
3739,Anxious
3740,Anxious
3741,Anxious
3742,Normal
3743,Normal
3744,Normal
3745,Lonely
3746,Stressed
3747,Normal
3748,Anxious
3749,Anxious
3750,Stressed
3751,Normal
3752,Anxious
3753,Stressed
3754,Normal
3755,Anxious
3756,Stressed
3757,Normal
3758,Normal
3759,Stressed
3760,Normal
3761,Anxious
3762,Stressed
3763,Normal
3764,Stressed
3765,Normal
3766,Normal
3767,Anxious
3768,Anxious
3769,Stressed
3770,Anxious
3771,Normal
3772,Normal
3773,Stressed
3774,Stressed
3775,Stressed
3776,Anxious
3777,Anxious
3778,Normal
3779,Normal
3780,Anxious
3781,Stressed
3782,Normal
3783,Anxious
3784,Stressed
3785,Anxious
3786,Normal
3787,Normal
3788,Anxious
3789,Anxious
3790,Normal
3791,Normal
3792,Stressed
3793,Normal
3794,Anxious
3795,Stressed
3796,Anxious
3797,Anxious
3798,Normal
3799,Normal
3800,Normal
3801,Anxious
3802,Normal
3803,Stressed
3804,Stressed
3805,Anxious
3806,Normal
3807,Normal
3808,Stressed
3809,Normal
3810,Anxious
3811,Stressed
3812,Anxious
3813,Normal
3814,Lonely
3815,Normal
3816,Anxious
3817,Anxious
3818,Stressed
3819,Normal
3820,Anxious
3821,Anxious
3822,Anxious
3823,Lonely
3824,Normal
3825,Anxious
3826,Anxious
3827,Stressed
3828,Lonely
3829,Anxious
3830,Stressed
3831,Stressed
3832,Normal
3833,Anxious
3834,Stressed
3835,Anxious
3836,Anxious
3837,Normal
3838,Anxious
3839,Anxious
3840,Anxious
3841,Stressed
3842,Anxious
3843,Normal
3844,Stressed
3845,Stressed
3846,Normal
3847,Lonely
3848,Anxious
3849,Stressed
3850,Stressed
3851,Normal
3852,Anxious
3853,Stressed
3854,Normal
3855,Normal
3856,Normal
3857,Anxious
3858,Anxious
3859,Normal
3860,Normal
3861,Stressed
3862,Normal
3863,Normal
3864,Normal
3865,Normal
3866,Anxious
3867,Normal
3868,Anxious
3869,Anxious
3870,Normal
3871,Anxious
3872,Normal
3873,Anxious
3874,Anxious
3875,Anxious
3876,Anxious
3877,Normal
3878,Normal
3879,Anxious
3880,Stressed
3881,Normal
3882,Normal
3883,Stressed
3884,Normal
3885,Anxious
3886,Stressed
3887,Normal
3888,Anxious
3889,Normal
3890,Normal
3891,Stressed
3892,Anxious
3893,Anxious
3894,Stressed
3895,Normal
3896,Anxious
3897,Anxious
3898,Normal
3899,Normal
3900,Normal
3901,Stressed
3902,Anxious
3903,Normal
3904,Stressed
3905,Anxious
3906,Anxious
3907,Anxious
3908,Normal
3909,Normal
3910,Normal
3911,Stressed
3912,Normal
3913,Normal
3914,Anxious
3915,Normal
3916,Stressed
3917,Stressed
3918,Normal
3919,Anxious
3920,Stressed
3921,Normal
3922,Normal
3923,Anxious
3924,Anxious
3925,Lonely
3926,Normal
3927,Normal
3928,Normal
3929,Normal
3930,Stressed
3931,Normal
3932,Normal
3933,Anxious
3934,Anxious
3935,Anxious
3936,Stressed
3937,Anxious
3938,Normal
3939,Anxious
3940,Normal
3941,Stressed
3942,Normal
3943,Normal
3944,Anxious
3945,Anxious
3946,Normal
3947,Normal
3948,Normal
3949,Anxious
3950,Anxious
3951,Anxious
3952,Anxious
3953,Normal
3954,Normal
3955,Stressed
3956,Normal
3957,Anxious
3958,Normal
3959,Normal
3960,Anxious
3961,Normal
3962,Normal
3963,Anxious
3964,Normal
3965,Normal
3966,Normal
3967,Anxious
3968,Normal
3969,Anxious
3970,Anxious
3971,Normal
3972,Normal
3973,Normal
3974,Anxious
3975,Anxious
3976,Normal
3977,Stressed
3978,Anxious
3979,Anxious
3980,Normal
3981,Anxious
3982,Normal
3983,Normal
3984,Normal
3985,Normal
3986,Lonely
3987,Normal
3988,Normal
3989,Anxious
3990,Anxious
3991,Normal
3992,Anxious
3993,Anxious
3994,Anxious
3995,Anxious
3996,Normal
3997,Normal
3998,Normal
3999,Anxious
4000,Stressed
4001,Normal
4002,Anxious
4003,Normal
4004,Anxious
4005,Anxious
4006,Anxious
4007,Stressed
4008,Stressed
4009,Stressed
4010,Anxious
4011,Normal
4012,Normal
4013,Lonely
4014,Anxious
4015,Anxious
4016,Anxious
4017,Anxious
4018,Lonely
4019,Stressed
4020,Lonely
4021,Stressed
4022,Stressed
4023,Anxious
4024,Normal
4025,Anxious
4026,Anxious
4027,Normal
4028,Normal
4029,Stressed
4030,Normal
4031,Lonely
4032,Anxious
4033,Normal
4034,Anxious
4035,Normal
4036,Normal
4037,Stressed
4038,Lonely
4039,Stressed
4040,Anxious
4041,Stressed
4042,Normal
4043,Anxious
4044,Normal
4045,Anxious
4046,Normal
4047,Stressed
4048,Normal
4049,Anxious
4050,Stressed
4051,Normal
4052,Stressed
4053,Normal
4054,Stressed
4055,Anxious
4056,Stressed
4057,Normal
4058,Anxious
4059,Anxious
4060,Normal
4061,Normal
4062,Normal
4063,Normal
4064,Normal
4065,Anxious
4066,Anxious
4067,Stressed
4068,Anxious
4069,Normal
4070,Normal
4071,Stressed
4072,Stressed
4073,Normal
4074,Normal
4075,Stressed
4076,Normal
4077,Anxious
4078,Anxious
4079,Anxious
4080,Normal
4081,Anxious
4082,Anxious
4083,Normal
4084,Anxious
4085,Anxious
4086,Normal
4087,Stressed
4088,Stressed
4089,Anxious
4090,Normal
4091,Normal
4092,Normal
4093,Stressed
4094,Anxious
4095,Normal
4096,Normal
4097,Anxious
4098,Anxious
4099,Anxious
4100,Anxious
4101,Stressed
4102,Anxious
4103,Anxious
4104,Stressed
4105,Normal
4106,Normal
4107,Lonely
4108,Normal
4109,Anxious
4110,Anxious
4111,Normal
4112,Normal
4113,Anxious
4114,Stressed
4115,Stressed
4116,Normal
4117,Normal
4118,Stressed
4119,Normal
4120,Anxious
4121,Normal
4122,Normal
4123,Anxious
4124,Stressed
4125,Anxious
4126,Anxious
4127,Normal
4128,Stressed
4129,Anxious
4130,Anxious
4131,Normal
4132,Anxious
4133,Normal
4134,Anxious
4135,Normal
4136,Normal
4137,Stressed
4138,Stressed
4139,Stressed
4140,Normal
4141,Anxious
4142,Anxious
4143,Normal
4144,Anxious
4145,Normal
4146,Normal
4147,Stressed
4148,Anxious
4149,Stressed
4150,Normal
4151,Normal
4152,Anxious
4153,Normal
4154,Stressed
4155,Normal
4156,Stressed
4157,Normal
4158,Anxious
4159,Normal
4160,Anxious
4161,Normal
4162,Lonely
4163,Anxious
4164,Lonely
4165,Normal
4166,Stressed
4167,Anxious
4168,Lonely
4169,Anxious
4170,Anxious
4171,Normal
4172,Stressed
4173,Normal
4174,Normal
4175,Anxious
4176,Normal
4177,Normal
4178,Normal
4179,Normal
4180,Normal
4181,Normal
4182,Anxious
4183,Normal
4184,Lonely
4185,Normal
4186,Anxious
4187,Normal
4188,Anxious
4189,Stressed
4190,Stressed
4191,Normal
4192,Stressed
4193,Normal
4194,Normal
4195,Normal
4196,Normal
4197,Anxious
4198,Anxious
4199,Anxious
4200,Normal
4201,Normal
4202,Normal
4203,Normal
4204,Normal
4205,Normal
4206,Anxious
4207,Anxious
4208,Anxious
4209,Stressed
4210,Anxious
4211,Anxious
4212,Anxious
4213,Stressed
4214,Anxious
4215,Normal
4216,Anxious
4217,Anxious
4218,Lonely
4219,Anxious
4220,Normal
4221,Stressed
4222,Normal
4223,Stressed
4224,Normal
4225,Normal
4226,Lonely
4227,Normal
4228,Stressed
4229,Anxious
4230,Normal
4231,Anxious
4232,Normal
4233,Normal
4234,Normal
4235,Stressed
4236,Normal
4237,Anxious
4238,Lonely
4239,Lonely
4240,Anxious
4241,Normal
4242,Stressed
4243,Stressed
4244,Normal
4245,Normal
4246,Anxious
4247,Stressed
4248,Anxious
4249,Anxious
4250,Normal
4251,Stressed
4252,Normal
4253,Lonely
4254,Normal
4255,Anxious
4256,Stressed
4257,Normal
4258,Anxious
4259,Stressed
4260,Anxious
4261,Anxious
4262,Normal
4263,Anxious
4264,Lonely
4265,Stressed
4266,Normal
4267,Stressed
4268,Normal
4269,Anxious
4270,Normal
4271,Anxious
4272,Anxious
4273,Normal
4274,Anxious
4275,Normal
4276,Stressed
4277,Normal
4278,Anxious
4279,Anxious
4280,Anxious
4281,Normal
4282,Normal
4283,Normal
4284,Normal
4285,Anxious
4286,Normal
4287,Normal
4288,Normal
4289,Stressed
4290,Stressed
4291,Stressed
4292,Normal
4293,Anxious
4294,Anxious
4295,Normal
4296,Anxious
4297,Normal
4298,Normal
4299,Normal
4300,Normal
4301,Anxious
4302,Normal
4303,Anxious
4304,Stressed
4305,Normal
4306,Normal
4307,Normal
4308,Normal
4309,Normal
4310,Anxious
4311,Stressed
4312,Lonely
4313,Normal
4314,Stressed
4315,Stressed
4316,Normal
4317,Anxious
4318,Normal
4319,Stressed
4320,Anxious
4321,Normal
4322,Normal
4323,Normal
4324,Stressed
4325,Normal
4326,Normal
4327,Anxious
4328,Stressed
4329,Anxious
4330,Normal
4331,Anxious
4332,Normal
4333,Anxious
4334,Anxious
4335,Anxious
4336,Normal
4337,Anxious
4338,Normal
4339,Stressed
4340,Anxious
4341,Anxious
4342,Normal
4343,Anxious
4344,Stressed
4345,Normal
4346,Anxious
4347,Stressed
4348,Normal
4349,Anxious
4350,Normal
4351,Normal
4352,Stressed
4353,Normal
4354,Normal
4355,Anxious
4356,Stressed
4357,Anxious
4358,Stressed
4359,Anxious
4360,Normal
4361,Anxious
4362,Anxious
4363,Stressed
4364,Normal
4365,Normal
4366,Anxious
4367,Normal
4368,Normal
4369,Normal
4370,Anxious
4371,Stressed
4372,Stressed
4373,Anxious
4374,Normal
4375,Anxious
4376,Normal
4377,Anxious
4378,Normal
4379,Stressed
4380,Normal
4381,Normal
4382,Stressed
4383,Anxious
4384,Anxious
4385,Anxious
4386,Anxious
4387,Normal
4388,Lonely
4389,Normal
4390,Normal
4391,Anxious
4392,Normal
4393,Anxious
4394,Stressed
4395,Lonely
4396,Stressed
4397,Normal
4398,Anxious
4399,Anxious
4400,Anxious
4401,Anxious
4402,Anxious
4403,Anxious
4404,Anxious
4405,Anxious
4406,Normal
4407,Normal
4408,Anxious
4409,Anxious
4410,Anxious
4411,Anxious
4412,Anxious
4413,Normal
4414,Normal
4415,Anxious
4416,Normal
4417,Anxious
4418,Stressed
4419,Stressed
4420,Stressed
4421,Normal
4422,Normal
4423,Normal
4424,Anxious
4425,Normal
4426,Anxious
4427,Anxious
4428,Anxious
4429,Normal
4430,Anxious
4431,Anxious
4432,Normal
4433,Stressed
4434,Normal
4435,Normal
4436,Anxious
4437,Normal
4438,Anxious
4439,Normal
4440,Anxious
4441,Stressed
4442,Anxious
4443,Normal
4444,Normal
4445,Anxious
4446,Anxious
4447,Anxious
4448,Anxious
4449,Normal
4450,Normal
4451,Normal
4452,Anxious
4453,Anxious
4454,Stressed
4455,Anxious
4456,Stressed
4457,Anxious
4458,Normal
4459,Normal
4460,Lonely
4461,Anxious
4462,Normal
4463,Anxious
4464,Anxious
4465,Stressed
4466,Normal
4467,Anxious
4468,Normal
4469,Anxious
4470,Normal
4471,Anxious
4472,Anxious
4473,Anxious
4474,Anxious
4475,Stressed
4476,Normal
4477,Lonely
4478,Normal
4479,Anxious
4480,Anxious
4481,Anxious
4482,Normal
4483,Normal
4484,Stressed
4485,Anxious
4486,Stressed
4487,Stressed
4488,Normal
4489,Anxious
4490,Stressed
4491,Normal
4492,Normal
4493,Lonely
4494,Normal
4495,Anxious
4496,Anxious
4497,Stressed
4498,Anxious
4499,Anxious
4500,Normal
4501,Normal
4502,Normal
4503,Stressed
4504,Stressed
4505,Anxious
4506,Anxious
4507,Anxious
4508,Anxious
4509,Normal
4510,Anxious
4511,Lonely
4512,Stressed
4513,Anxious
4514,Stressed
4515,Stressed
4516,Stressed
4517,Stressed
4518,Stressed
4519,Stressed
4520,Normal
4521,Stressed
4522,Stressed
4523,Anxious
4524,Anxious
4525,Normal
4526,Stressed
4527,Anxious
4528,Normal
4529,Stressed
4530,Normal
4531,Normal
4532,Stressed
4533,Normal
4534,Normal
4535,Stressed
4536,Anxious
4537,Anxious
4538,Normal
4539,Anxious
4540,Normal
4541,Anxious
4542,Normal
4543,Lonely
4544,Anxious
4545,Anxious
4546,Normal
4547,Anxious
4548,Anxious
4549,Stressed
4550,Anxious
4551,Normal
4552,Anxious
4553,Normal
4554,Anxious
4555,Normal
4556,Normal
4557,Anxious
4558,Normal
4559,Normal
4560,Stressed
4561,Normal
4562,Normal
4563,Anxious
4564,Stressed
4565,Normal
4566,Lonely
4567,Stressed
4568,Normal
4569,Stressed
4570,Lonely
4571,Stressed
4572,Normal
4573,Anxious
4574,Normal
4575,Normal
4576,Normal
4577,Normal
4578,Normal
4579,Normal
4580,Anxious
4581,Lonely
4582,Anxious
4583,Anxious
4584,Normal
4585,Normal
4586,Normal
4587,Anxious
4588,Stressed
4589,Normal
4590,Normal
4591,Anxious
4592,Anxious
4593,Normal
4594,Stressed
4595,Normal
4596,Normal
4597,Normal
4598,Anxious
4599,Normal
4600,Stressed
4601,Normal
4602,Normal
4603,Stressed
4604,Normal
4605,Anxious
4606,Stressed
4607,Anxious
4608,Anxious
4609,Anxious
4610,Anxious
4611,Normal
4612,Normal
4613,Normal
4614,Anxious
4615,Anxious
4616,Anxious
4617,Anxious
4618,Anxious
4619,Anxious
4620,Normal
4621,Stressed
4622,Normal
4623,Stressed
4624,Normal
4625,Anxious
4626,Anxious
4627,Anxious
4628,Normal
4629,Lonely
4630,Stressed
4631,Anxious
4632,Normal
4633,Normal
4634,Normal
4635,Anxious
4636,Stressed
4637,Anxious
4638,Stressed
4639,Lonely
4640,Anxious
4641,Anxious
4642,Stressed
4643,Anxious
4644,Normal
4645,Anxious
4646,Normal
4647,Anxious
4648,Anxious
4649,Stressed
4650,Stressed
4651,Normal
4652,Normal
4653,Anxious
4654,Stressed
4655,Anxious
4656,Anxious
4657,Stressed
4658,Stressed
4659,Anxious
4660,Normal
4661,Anxious
4662,Anxious
4663,Normal
4664,Anxious
4665,Stressed
4666,Normal
4667,Stressed
4668,Normal
4669,Normal
4670,Stressed
4671,Normal
4672,Stressed
4673,Normal
4674,Normal
4675,Normal
4676,Anxious
4677,Normal
4678,Anxious
4679,Anxious
4680,Normal
4681,Normal
4682,Anxious
4683,Normal
4684,Normal
4685,Anxious
4686,Normal
4687,Anxious
4688,Stressed
4689,Normal
4690,Stressed
4691,Anxious
4692,Normal
4693,Anxious
4694,Normal
4695,Normal
4696,Stressed
4697,Normal
4698,Stressed
4699,Normal
4700,Normal
4701,Normal
4702,Normal
4703,Anxious
4704,Normal
4705,Stressed
4706,Anxious
4707,Anxious
4708,Anxious
4709,Anxious
4710,Anxious
4711,Normal
4712,Normal
4713,Normal
4714,Anxious
4715,Normal
4716,Normal
4717,Lonely
4718,Anxious
4719,Stressed
4720,Normal
4721,Stressed
4722,Normal
4723,Normal
4724,Stressed
4725,Anxious
4726,Normal
4727,Anxious
4728,Anxious
4729,Stressed
4730,Normal
4731,Normal
4732,Stressed
4733,Normal
4734,Normal
4735,Normal
4736,Normal
4737,Normal
4738,Stressed
4739,Normal
4740,Stressed
4741,Anxious
4742,Normal
4743,Normal
4744,Stressed
4745,Stressed
4746,Anxious
4747,Anxious
4748,Anxious
4749,Anxious
4750,Normal
4751,Anxious
4752,Anxious
4753,Anxious
4754,Anxious
4755,Normal
4756,Anxious
4757,Anxious
4758,Normal
4759,Normal
4760,Stressed
4761,Normal
4762,Normal
4763,Anxious
4764,Normal
4765,Stressed
4766,Normal
4767,Anxious
4768,Normal
4769,Stressed
4770,Normal
4771,Normal
4772,Anxious
4773,Anxious
4774,Stressed
4775,Anxious
4776,Anxious
4777,Normal
4778,Normal
4779,Stressed
4780,Anxious
4781,Stressed
4782,Normal
4783,Anxious
4784,Anxious
4785,Normal
4786,Anxious
4787,Normal
4788,Anxious
4789,Anxious
4790,Anxious
4791,Normal
4792,Normal
4793,Anxious
4794,Anxious
4795,Anxious
4796,Anxious
4797,Anxious
4798,Normal
4799,Normal
4800,Normal
4801,Normal
4802,Normal
4803,Anxious
4804,Anxious
4805,Stressed
4806,Normal
4807,Normal
4808,Anxious
4809,Anxious
4810,Anxious
4811,Anxious
4812,Lonely
4813,Normal
4814,Stressed
4815,Normal
4816,Normal
4817,Normal
4818,Normal
4819,Anxious
4820,Stressed
4821,Anxious
4822,Lonely
4823,Normal
4824,Stressed
4825,Anxious
4826,Stressed
4827,Normal
4828,Anxious
4829,Stressed
4830,Normal
4831,Normal
4832,Normal
4833,Stressed
4834,Normal
4835,Stressed
4836,Stressed
4837,Anxious
4838,Anxious
4839,Normal
4840,Normal
4841,Anxious
4842,Anxious
4843,Anxious
4844,Anxious
4845,Lonely
4846,Anxious
4847,Stressed
4848,Anxious
4849,Stressed
4850,Anxious
4851,Normal
4852,Stressed
4853,Normal
4854,Anxious
4855,Normal
4856,Stressed
4857,Anxious
4858,Anxious
4859,Normal
4860,Anxious
4861,Stressed
4862,Lonely
4863,Anxious
4864,Stressed
4865,Normal
4866,Stressed
4867,Anxious
4868,Normal
4869,Lonely
4870,Anxious
4871,Anxious
4872,Anxious
4873,Normal
4874,Normal
4875,Normal
4876,Normal
4877,Normal
4878,Normal
4879,Normal
4880,Normal
4881,Anxious
4882,Anxious
4883,Stressed
4884,Anxious
4885,Anxious
4886,Normal
4887,Anxious
4888,Normal
4889,Normal
4890,Lonely
4891,Normal
4892,Stressed
4893,Normal
4894,Normal
4895,Normal
4896,Stressed
4897,Anxious
4898,Stressed
4899,Anxious
4900,Anxious
4901,Stressed
4902,Anxious
4903,Anxious
4904,Anxious
4905,Normal
4906,Anxious
4907,Lonely
4908,Stressed
4909,Anxious
4910,Stressed
4911,Stressed
4912,Normal
4913,Stressed
4914,Normal
4915,Stressed
4916,Anxious
4917,Stressed
4918,Normal
4919,Anxious
4920,Anxious
4921,Normal
4922,Anxious
4923,Stressed
4924,Anxious
4925,Stressed
4926,Anxious
4927,Stressed
4928,Stressed
4929,Anxious
4930,Anxious
4931,Anxious
4932,Normal
4933,Normal
4934,Normal
4935,Normal
4936,Normal
4937,Anxious
4938,Anxious
4939,Anxious
4940,Stressed
4941,Anxious
4942,Stressed
4943,Normal
4944,Normal
4945,Normal
4946,Stressed
4947,Normal
4948,Normal
4949,Normal
4950,Normal
4951,Anxious
4952,Anxious
4953,Lonely
4954,Anxious
4955,Anxious
4956,Normal
4957,Normal
4958,Normal
4959,Anxious
4960,Normal
4961,Anxious
4962,Stressed
4963,Anxious
4964,Anxious
4965,Normal
4966,Anxious
4967,Normal
4968,Normal
4969,Normal
4970,Normal
4971,Normal
4972,Normal
4973,Normal
4974,Anxious
4975,Anxious
4976,Normal
4977,Anxious
4978,Normal
4979,Anxious
4980,Anxious
4981,Lonely
4982,Anxious
4983,Normal
4984,Anxious
4985,Normal
4986,Normal
4987,Normal
4988,Normal
4989,Anxious
4990,Anxious
4991,Normal
4992,Lonely
4993,Anxious
4994,Anxious
4995,Normal
4996,Normal
4997,Anxious
4998,Anxious
4999,Anxious
5000,Anxious
5001,Normal
5002,Stressed
5003,Anxious
5004,Stressed
5005,Anxious
5006,Stressed
5007,Normal
5008,Normal
5009,Anxious
5010,Stressed
5011,Anxious
5012,Anxious
5013,Anxious
5014,Normal
5015,Normal
5016,Lonely
5017,Anxious
5018,Stressed
5019,Anxious
5020,Stressed
5021,Stressed
5022,Normal
5023,Normal
5024,Anxious
5025,Normal
5026,Stressed
5027,Stressed
5028,Anxious
5029,Anxious
5030,Normal
5031,Stressed
5032,Stressed
5033,Normal
5034,Anxious
5035,Stressed
5036,Anxious
5037,Normal
5038,Normal
5039,Anxious
5040,Normal
5041,Anxious
5042,Anxious
5043,Normal
5044,Stressed
5045,Anxious
5046,Anxious
5047,Stressed
5048,Normal
5049,Anxious
5050,Anxious
5051,Anxious
5052,Normal
5053,Anxious
5054,Stressed
5055,Stressed
5056,Stressed
5057,Anxious
5058,Anxious
5059,Normal
5060,Anxious
5061,Anxious
5062,Anxious
5063,Normal
5064,Normal
5065,Anxious
5066,Normal
5067,Stressed
5068,Anxious
5069,Lonely
5070,Stressed
5071,Normal
5072,Anxious
5073,Anxious
5074,Stressed
5075,Stressed
5076,Anxious
5077,Normal
5078,Anxious
5079,Anxious
5080,Stressed
5081,Anxious
5082,Anxious
5083,Normal
5084,Anxious
5085,Stressed
5086,Normal
5087,Anxious
5088,Normal
5089,Anxious
5090,Normal
5091,Anxious
5092,Normal
5093,Anxious
5094,Anxious
5095,Anxious
5096,Anxious
5097,Normal
5098,Anxious
5099,Stressed
5100,Normal
5101,Normal
5102,Anxious
5103,Normal
5104,Anxious
5105,Normal
5106,Stressed
5107,Normal
5108,Anxious
5109,Normal
5110,Anxious
5111,Normal
5112,Normal
5113,Normal
5114,Anxious
5115,Stressed
5116,Normal
5117,Anxious
5118,Normal
5119,Anxious
5120,Normal
5121,Stressed
5122,Stressed
5123,Stressed
5124,Stressed
5125,Normal
5126,Anxious
5127,Anxious
5128,Normal
5129,Anxious
5130,Lonely
5131,Normal
5132,Stressed
5133,Normal
5134,Normal
5135,Normal
5136,Normal
5137,Anxious
5138,Anxious
5139,Anxious
5140,Anxious
5141,Normal
5142,Anxious
5143,Anxious
5144,Anxious
5145,Normal
5146,Anxious
5147,Normal
5148,Normal
5149,Anxious
5150,Stressed
5151,Anxious
5152,Stressed
5153,Anxious
5154,Stressed
5155,Normal
5156,Stressed
5157,Normal
5158,Normal
5159,Anxious
5160,Stressed
5161,Anxious
5162,Stressed
5163,Anxious
5164,Normal
5165,Anxious
5166,Normal
5167,Normal
5168,Anxious
5169,Normal
5170,Normal
5171,Anxious
5172,Normal
5173,Normal
5174,Lonely
5175,Normal
5176,Anxious
5177,Normal
5178,Normal
5179,Anxious
5180,Anxious
5181,Normal
5182,Anxious
5183,Stressed
5184,Normal
5185,Anxious
5186,Normal
5187,Anxious
5188,Stressed
5189,Normal
5190,Stressed
5191,Lonely
5192,Normal
5193,Stressed
5194,Normal
5195,Stressed
5196,Anxious
5197,Anxious
5198,Stressed
5199,Normal
5200,Anxious
5201,Stressed
5202,Anxious
5203,Normal
5204,Normal
5205,Normal
5206,Anxious
5207,Normal
5208,Lonely
5209,Anxious
5210,Normal
5211,Normal
5212,Anxious
5213,Normal
5214,Stressed
5215,Normal
5216,Stressed
5217,Anxious
5218,Normal
5219,Stressed
5220,Anxious
5221,Anxious
5222,Anxious
5223,Normal
5224,Anxious
5225,Anxious
5226,Anxious
5227,Normal
5228,Anxious
5229,Anxious
5230,Anxious
5231,Stressed
5232,Normal
5233,Stressed
5234,Normal
5235,Anxious
5236,Normal
5237,Anxious
5238,Normal
5239,Normal
5240,Anxious
5241,Stressed
5242,Normal
5243,Anxious
5244,Stressed
5245,Stressed
5246,Anxious
5247,Anxious
5248,Normal
5249,Normal
5250,Normal
5251,Anxious
5252,Anxious
5253,Anxious
5254,Stressed
5255,Stressed
5256,Normal
5257,Normal
5258,Anxious
5259,Normal
5260,Anxious
5261,Stressed
5262,Stressed
5263,Normal
5264,Normal
5265,Anxious
5266,Anxious
5267,Anxious
5268,Anxious
5269,Normal
5270,Lonely
5271,Anxious
5272,Anxious
5273,Anxious
5274,Lonely
5275,Normal
5276,Normal
5277,Anxious
5278,Normal
5279,Stressed
5280,Normal
5281,Normal
5282,Anxious
5283,Normal
5284,Anxious
5285,Anxious
5286,Stressed
5287,Normal
5288,Anxious
5289,Stressed
5290,Anxious
5291,Anxious
5292,Normal
5293,Normal
5294,Normal
5295,Normal
5296,Stressed
5297,Anxious
5298,Stressed
5299,Anxious
5300,Normal
5301,Anxious
5302,Normal
5303,Stressed
5304,Normal
5305,Stressed
5306,Anxious
5307,Stressed
5308,Normal
5309,Normal
5310,Normal
5311,Normal
5312,Anxious
5313,Anxious
5314,Anxious
5315,Normal
5316,Normal
5317,Anxious
5318,Anxious
5319,Stressed
5320,Normal
5321,Anxious
5322,Normal
5323,Normal
5324,Anxious
5325,Normal
5326,Anxious
5327,Anxious
5328,Normal
5329,Stressed
5330,Anxious
5331,Normal
5332,Normal
5333,Anxious
5334,Stressed
5335,Normal
5336,Normal
5337,Stressed
5338,Stressed
5339,Normal
5340,Anxious
5341,Normal
5342,Normal
5343,Normal
5344,Anxious
5345,Normal
5346,Anxious
5347,Normal
5348,Normal
5349,Normal
5350,Normal
5351,Normal
5352,Normal
5353,Anxious
5354,Stressed
5355,Lonely
5356,Stressed
5357,Anxious
5358,Anxious
5359,Normal
5360,Anxious
5361,Anxious
5362,Anxious
5363,Anxious
5364,Normal
5365,Normal
5366,Anxious
5367,Stressed
5368,Stressed
5369,Anxious
5370,Normal
5371,Normal
5372,Normal
5373,Anxious
5374,Anxious
5375,Lonely
5376,Anxious
5377,Normal
5378,Anxious
5379,Stressed
5380,Normal
5381,Normal
5382,Lonely
5383,Anxious
5384,Anxious
5385,Normal
5386,Anxious
5387,Normal
5388,Anxious
5389,Normal
5390,Anxious
5391,Stressed
5392,Anxious
5393,Normal
5394,Anxious
5395,Anxious
5396,Normal
5397,Lonely
5398,Stressed
5399,Normal
5400,Anxious
5401,Normal
5402,Anxious
5403,Anxious
5404,Anxious
5405,Normal
5406,Normal
5407,Anxious
5408,Stressed
5409,Normal
5410,Normal
5411,Anxious
5412,Anxious
5413,Normal
5414,Normal
5415,Anxious
5416,Lonely
5417,Stressed
5418,Anxious
5419,Normal
5420,Normal
5421,Anxious
5422,Normal
5423,Stressed
5424,Lonely
5425,Anxious
5426,Normal
5427,Normal
5428,Anxious
5429,Normal
5430,Stressed
5431,Anxious
5432,Stressed
5433,Normal
5434,Normal
5435,Stressed
5436,Stressed
5437,Anxious
5438,Normal
5439,Normal
5440,Stressed
5441,Anxious
5442,Anxious
5443,Normal
5444,Normal
5445,Anxious
5446,Stressed
5447,Stressed
5448,Anxious
5449,Stressed
5450,Normal
5451,Normal
5452,Lonely
5453,Normal
5454,Anxious
5455,Normal
5456,Anxious
5457,Normal
5458,Stressed
5459,Stressed
5460,Anxious
5461,Lonely
5462,Lonely
5463,Anxious
5464,Normal
5465,Normal
5466,Stressed
5467,Normal
5468,Normal
5469,Normal
5470,Normal
5471,Normal
5472,Normal
5473,Lonely
5474,Stressed
5475,Anxious
5476,Stressed
5477,Anxious
5478,Anxious
5479,Anxious
5480,Normal
5481,Normal
5482,Normal
5483,Normal
5484,Anxious
5485,Normal
5486,Anxious
5487,Anxious
5488,Anxious
5489,Anxious
5490,Anxious
5491,Normal
5492,Anxious
5493,Anxious
5494,Stressed
5495,Anxious
5496,Anxious
5497,Lonely
5498,Anxious
5499,Anxious
5500,Normal
5501,Normal
5502,Normal
5503,Stressed
5504,Stressed
5505,Normal
5506,Lonely
5507,Normal
5508,Normal
5509,Normal
5510,Normal
5511,Anxious
5512,Normal
5513,Anxious
5514,Normal
5515,Normal
5516,Anxious
5517,Anxious
5518,Normal
5519,Normal
5520,Anxious
5521,Normal
5522,Anxious
5523,Normal
5524,Normal
5525,Anxious
5526,Anxious
5527,Stressed
5528,Stressed
5529,Anxious
5530,Normal
5531,Lonely
5532,Anxious
5533,Normal
5534,Anxious
5535,Stressed
5536,Anxious
5537,Stressed
5538,Anxious
5539,Anxious
5540,Stressed
5541,Normal
5542,Normal
5543,Anxious
5544,Normal
5545,Normal
5546,Normal
5547,Normal
5548,Stressed
5549,Stressed
5550,Anxious
5551,Normal
5552,Anxious
5553,Anxious
5554,Normal
5555,Normal
5556,Normal
5557,Stressed
5558,Anxious
5559,Normal
5560,Normal
5561,Anxious
5562,Normal
5563,Stressed
5564,Normal
5565,Normal
5566,Normal
5567,Anxious
5568,Stressed
5569,Stressed
5570,Anxious
5571,Normal
5572,Anxious
5573,Stressed
5574,Anxious
5575,Anxious
5576,Normal
5577,Stressed
5578,Normal
5579,Anxious
5580,Anxious
5581,Normal
5582,Anxious
5583,Stressed
5584,Stressed
5585,Lonely
5586,Normal
5587,Normal
5588,Normal
5589,Normal
5590,Stressed
5591,Normal
5592,Lonely
5593,Normal
5594,Normal
5595,Lonely
5596,Anxious
5597,Normal
5598,Stressed
5599,Normal
5600,Normal
5601,Anxious
5602,Normal
5603,Stressed
5604,Normal
5605,Anxious
5606,Normal
5607,Lonely
5608,Normal
5609,Anxious
5610,Anxious
5611,Normal
5612,Anxious
5613,Anxious
5614,Normal
5615,Stressed
5616,Normal
5617,Normal
5618,Anxious
5619,Lonely
5620,Anxious
5621,Normal
5622,Anxious
5623,Normal
5624,Lonely
5625,Stressed
5626,Anxious
5627,Stressed
5628,Normal
5629,Stressed
5630,Anxious
5631,Normal
5632,Stressed
5633,Stressed
5634,Normal
5635,Anxious
5636,Normal
5637,Normal
5638,Anxious
5639,Anxious
5640,Normal
5641,Anxious
5642,Normal
5643,Anxious
5644,Anxious
5645,Anxious
5646,Stressed
5647,Stressed
5648,Normal
5649,Stressed
5650,Normal
5651,Anxious
5652,Normal
5653,Normal
5654,Normal
5655,Anxious
5656,Normal
5657,Normal
5658,Anxious
5659,Stressed
5660,Normal
5661,Normal
5662,Stressed
5663,Normal
5664,Anxious
5665,Normal
5666,Anxious
5667,Normal
5668,Normal
5669,Stressed
5670,Normal
5671,Anxious
5672,Normal
5673,Stressed
5674,Anxious
5675,Normal
5676,Stressed
5677,Stressed
5678,Stressed
5679,Stressed
5680,Lonely
5681,Normal
5682,Anxious
5683,Anxious
5684,Normal
5685,Anxious
5686,Anxious
5687,Anxious
5688,Stressed
5689,Anxious
5690,Normal
5691,Normal
5692,Anxious
5693,Stressed
5694,Anxious
5695,Normal
5696,Anxious
5697,Stressed
5698,Anxious
5699,Anxious
5700,Stressed
5701,Stressed
5702,Stressed
5703,Stressed
5704,Anxious
5705,Normal
5706,Anxious
5707,Anxious
5708,Normal
5709,Anxious
5710,Normal
5711,Anxious
5712,Stressed
5713,Stressed
5714,Anxious
5715,Normal
5716,Normal
5717,Normal
5718,Anxious
5719,Stressed
5720,Stressed
5721,Stressed
5722,Anxious
5723,Anxious
5724,Stressed
5725,Normal
5726,Normal
5727,Anxious
5728,Stressed
5729,Normal
5730,Normal
5731,Normal
5732,Normal
5733,Anxious
5734,Stressed
5735,Normal
5736,Stressed
5737,Normal
5738,Anxious
5739,Stressed
5740,Normal
5741,Normal
5742,Normal
5743,Anxious
5744,Normal
5745,Normal
5746,Normal
5747,Anxious
5748,Anxious
5749,Stressed
5750,Stressed
5751,Normal
5752,Anxious
5753,Anxious
5754,Anxious
5755,Stressed
5756,Anxious
5757,Stressed
5758,Anxious
5759,Stressed
5760,Anxious
5761,Stressed
5762,Normal
5763,Normal
5764,Anxious
5765,Anxious
5766,Anxious
5767,Normal
5768,Anxious
5769,Anxious
5770,Anxious
5771,Normal
5772,Normal
5773,Normal
5774,Lonely
5775,Normal
5776,Normal
5777,Normal
5778,Normal
5779,Anxious
5780,Lonely
5781,Normal
5782,Normal
5783,Lonely
5784,Stressed
5785,Stressed
5786,Normal
5787,Normal
5788,Normal
5789,Stressed
5790,Anxious
5791,Anxious
5792,Anxious
5793,Stressed
5794,Anxious
5795,Normal
5796,Normal
5797,Anxious
5798,Normal
5799,Stressed
5800,Anxious
5801,Normal
5802,Normal
5803,Normal
5804,Normal
5805,Anxious
5806,Stressed
5807,Normal
5808,Normal
5809,Anxious
5810,Normal
5811,Anxious
5812,Stressed
5813,Anxious
5814,Anxious
5815,Normal
5816,Normal
5817,Stressed
5818,Stressed
5819,Anxious
5820,Anxious
5821,Normal
5822,Stressed
5823,Anxious
5824,Normal
5825,Normal
5826,Normal
5827,Anxious
5828,Anxious
5829,Normal
5830,Stressed
5831,Anxious
5832,Normal
5833,Anxious
5834,Stressed
5835,Stressed
5836,Normal
5837,Normal
5838,Anxious
5839,Normal
5840,Stressed
5841,Anxious
5842,Normal
5843,Normal
5844,Anxious
5845,Anxious
5846,Normal
5847,Anxious
5848,Anxious
5849,Normal
5850,Stressed
5851,Normal
5852,Anxious
5853,Lonely
5854,Normal
5855,Normal
5856,Anxious
5857,Normal
5858,Normal
5859,Normal
5860,Normal
5861,Normal
5862,Anxious
5863,Normal
5864,Normal
5865,Normal
5866,Anxious
5867,Normal
5868,Anxious
5869,Stressed
5870,Anxious
5871,Anxious
5872,Stressed
5873,Normal
5874,Anxious
5875,Normal
5876,Stressed
5877,Anxious
5878,Normal
5879,Normal
5880,Anxious
5881,Lonely
5882,Anxious
5883,Normal
5884,Anxious
5885,Normal
5886,Stressed
5887,Normal
5888,Normal
5889,Anxious
5890,Normal
5891,Normal
5892,Stressed
5893,Anxious
5894,Normal
5895,Anxious
5896,Normal
5897,Anxious
5898,Stressed
5899,Stressed
5900,Anxious
5901,Lonely
5902,Normal
5903,Normal
5904,Anxious
5905,Normal
5906,Normal
5907,Anxious
5908,Normal
5909,Anxious
5910,Stressed
5911,Normal
5912,Normal
5913,Anxious
5914,Anxious
5915,Anxious
5916,Normal
5917,Normal
5918,Normal
5919,Anxious
5920,Anxious
5921,Anxious
5922,Stressed
5923,Stressed
5924,Normal
5925,Normal
5926,Anxious
5927,Normal
5928,Anxious
5929,Anxious
5930,Normal
5931,Lonely
5932,Stressed
5933,Normal
5934,Stressed
5935,Normal
5936,Normal
5937,Anxious
5938,Normal
5939,Normal
5940,Stressed
5941,Anxious
5942,Anxious
5943,Stressed
5944,Anxious
5945,Anxious
5946,Stressed
5947,Stressed
5948,Normal
5949,Normal
5950,Anxious
5951,Normal
5952,Stressed
5953,Normal
5954,Anxious
5955,Lonely
5956,Normal
5957,Anxious
5958,Normal
5959,Stressed
5960,Anxious
5961,Normal
5962,Normal
5963,Anxious
5964,Anxious
5965,Normal
5966,Normal
5967,Stressed
5968,Anxious
5969,Anxious
5970,Normal
5971,Lonely
5972,Normal
5973,Normal
5974,Normal
5975,Lonely
5976,Normal
5977,Anxious
5978,Normal
5979,Normal
5980,Anxious
5981,Anxious
5982,Anxious
5983,Normal
5984,Normal
5985,Normal
5986,Anxious
5987,Normal
5988,Stressed
5989,Normal
5990,Normal
5991,Normal
5992,Stressed
5993,Anxious
5994,Stressed
5995,Anxious
5996,Normal
5997,Anxious
5998,Stressed
5999,Normal
6000,Anxious
6001,Anxious
6002,Anxious
6003,Anxious
6004,Anxious
6005,Anxious
6006,Normal
6007,Normal
6008,Stressed
6009,Stressed
6010,Normal
6011,Stressed
6012,Normal
6013,Stressed
6014,Anxious
6015,Normal
6016,Lonely
6017,Stressed
6018,Anxious
6019,Stressed
6020,Normal
6021,Stressed
6022,Normal
6023,Normal
6024,Normal
6025,Anxious
6026,Normal
6027,Normal
6028,Anxious
6029,Normal
6030,Normal
6031,Normal
6032,Normal
6033,Stressed
6034,Anxious
6035,Anxious
6036,Stressed
6037,Anxious
6038,Stressed
6039,Lonely
6040,Anxious
6041,Anxious
6042,Normal
6043,Lonely
6044,Anxious
6045,Stressed
6046,Stressed
6047,Anxious
6048,Normal
6049,Normal
6050,Normal
6051,Anxious
6052,Anxious
6053,Anxious
6054,Normal
6055,Anxious
6056,Normal
6057,Stressed
6058,Stressed
6059,Normal
6060,Normal
6061,Normal
6062,Anxious
6063,Anxious
6064,Lonely
6065,Normal
6066,Anxious
6067,Anxious
6068,Stressed
6069,Stressed
6070,Stressed
6071,Normal
6072,Normal
6073,Stressed
6074,Normal
6075,Anxious
6076,Normal
6077,Normal
6078,Normal
6079,Normal
6080,Anxious
6081,Anxious
6082,Anxious
6083,Normal
6084,Normal
6085,Stressed
6086,Stressed
6087,Stressed
6088,Stressed
6089,Stressed
6090,Normal
6091,Normal
6092,Normal
6093,Anxious
6094,Stressed
6095,Anxious
6096,Normal
6097,Anxious
6098,Stressed
6099,Anxious
6100,Anxious
6101,Lonely
6102,Normal
6103,Anxious
6104,Stressed
6105,Lonely
6106,Stressed
6107,Anxious
6108,Anxious
6109,Stressed
6110,Anxious
6111,Stressed
6112,Normal
6113,Normal
6114,Stressed
6115,Anxious
6116,Anxious
6117,Anxious
6118,Normal
6119,Normal
6120,Anxious
6121,Stressed
6122,Normal
6123,Normal
6124,Normal
6125,Anxious
6126,Anxious
6127,Normal
6128,Anxious
6129,Stressed
6130,Anxious
6131,Stressed
6132,Normal
6133,Anxious
6134,Normal
6135,Normal
6136,Stressed
6137,Anxious
6138,Stressed
6139,Normal
6140,Anxious
6141,Anxious
6142,Normal
6143,Normal
6144,Normal
6145,Normal
6146,Normal
6147,Stressed
6148,Anxious
6149,Stressed
6150,Anxious
6151,Stressed
6152,Normal
6153,Anxious
6154,Normal
6155,Anxious
6156,Anxious
6157,Normal
6158,Anxious
6159,Normal
6160,Normal
6161,Anxious
6162,Normal
6163,Normal
6164,Normal
6165,Normal
6166,Normal
6167,Normal
6168,Lonely
6169,Anxious
6170,Normal
6171,Normal
6172,Anxious
6173,Normal
6174,Anxious
6175,Normal
6176,Normal
6177,Lonely
6178,Stressed
6179,Lonely
6180,Stressed
6181,Anxious
6182,Anxious
6183,Anxious
6184,Anxious
6185,Stressed
6186,Anxious
6187,Normal
6188,Stressed
6189,Stressed
6190,Stressed
6191,Stressed
6192,Normal
6193,Stressed
6194,Normal
6195,Anxious
6196,Normal
6197,Anxious
6198,Normal
6199,Stressed
6200,Anxious
6201,Anxious
6202,Anxious
6203,Normal
6204,Normal
6205,Normal
6206,Anxious
6207,Stressed
6208,Normal
6209,Normal
6210,Normal
6211,Lonely
6212,Normal
6213,Stressed
6214,Anxious
6215,Normal
6216,Stressed
6217,Normal
6218,Stressed
6219,Normal
6220,Normal
6221,Stressed
6222,Stressed
6223,Normal
6224,Normal
6225,Stressed
6226,Normal
6227,Anxious
6228,Anxious
6229,Anxious
6230,Normal
6231,Anxious
6232,Normal
6233,Stressed
6234,Normal
6235,Anxious
6236,Anxious
6237,Anxious
6238,Lonely
6239,Anxious
6240,Stressed
6241,Normal
6242,Anxious
6243,Anxious
6244,Anxious
6245,Normal
6246,Normal
6247,Anxious
6248,Normal
6249,Anxious
6250,Anxious
6251,Normal
6252,Stressed
6253,Anxious
6254,Lonely
6255,Lonely
6256,Normal
6257,Anxious
6258,Stressed
6259,Stressed
6260,Anxious
6261,Normal
6262,Anxious
6263,Normal
6264,Stressed
6265,Anxious
6266,Anxious
6267,Anxious
6268,Anxious
6269,Stressed
6270,Normal
6271,Normal
6272,Normal
6273,Anxious
6274,Normal
6275,Normal
6276,Normal
6277,Normal
6278,Anxious
6279,Stressed
6280,Anxious
6281,Normal
6282,Anxious
6283,Normal
6284,Anxious
6285,Normal
6286,Anxious
6287,Normal
6288,Stressed
6289,Anxious
6290,Anxious
6291,Anxious
6292,Anxious
6293,Anxious
6294,Anxious
6295,Stressed
6296,Stressed
6297,Normal
6298,Stressed
6299,Stressed
6300,Normal
6301,Stressed
6302,Anxious
6303,Normal
6304,Normal
6305,Anxious
6306,Stressed
6307,Stressed
6308,Anxious
6309,Anxious
6310,Anxious
6311,Anxious
6312,Anxious
6313,Normal
6314,Anxious
6315,Normal
6316,Anxious
6317,Normal
6318,Normal
6319,Stressed
6320,Normal
6321,Normal
6322,Normal
6323,Anxious
6324,Normal
6325,Normal
6326,Anxious
6327,Anxious
6328,Anxious
6329,Stressed
6330,Anxious
6331,Anxious
6332,Normal
6333,Stressed
6334,Anxious
6335,Normal
6336,Anxious
6337,Normal
6338,Anxious
6339,Stressed
6340,Lonely
6341,Normal
6342,Anxious
6343,Normal
6344,Anxious
6345,Anxious
6346,Stressed
6347,Anxious
6348,Stressed
6349,Stressed
6350,Normal
6351,Anxious
6352,Normal
6353,Normal
6354,Stressed
6355,Anxious
6356,Anxious
6357,Stressed
6358,Normal
6359,Normal
6360,Anxious
6361,Stressed
6362,Anxious
6363,Normal
6364,Normal
6365,Anxious
6366,Lonely
6367,Normal
6368,Anxious
6369,Anxious
6370,Anxious
6371,Stressed
6372,Anxious
6373,Stressed
6374,Anxious
6375,Normal
6376,Normal
6377,Anxious
6378,Stressed
6379,Normal
6380,Stressed
6381,Normal
6382,Anxious
6383,Anxious
6384,Stressed
6385,Normal
6386,Anxious
6387,Stressed
6388,Normal
6389,Anxious
6390,Anxious
6391,Anxious
6392,Stressed
6393,Normal
6394,Normal
6395,Normal
6396,Anxious
6397,Lonely
6398,Lonely
6399,Normal
6400,Normal
6401,Normal
6402,Normal
6403,Normal
6404,Anxious
6405,Normal
6406,Normal
6407,Normal
6408,Normal
6409,Normal
6410,Anxious
6411,Normal
6412,Normal
6413,Normal
6414,Anxious
6415,Normal
6416,Normal
6417,Stressed
6418,Anxious
6419,Normal
6420,Anxious
6421,Stressed
6422,Normal
6423,Anxious
6424,Normal
6425,Normal
6426,Stressed
6427,Anxious
6428,Anxious
6429,Normal
6430,Anxious
6431,Anxious
6432,Normal
6433,Anxious
6434,Anxious
6435,Anxious
6436,Normal
6437,Anxious
6438,Anxious
6439,Anxious
6440,Anxious
6441,Normal
6442,Normal
6443,Normal
6444,Anxious
6445,Anxious
6446,Anxious
6447,Anxious
6448,Anxious
6449,Stressed
6450,Stressed
6451,Normal
6452,Stressed
6453,Stressed
6454,Normal
6455,Normal
6456,Lonely
6457,Anxious
6458,Stressed
6459,Normal
6460,Normal
6461,Anxious
6462,Anxious
6463,Anxious
6464,Anxious
6465,Anxious
6466,Anxious
6467,Normal
6468,Normal
6469,Stressed
6470,Lonely
6471,Normal
6472,Normal
6473,Normal
6474,Anxious
6475,Normal
6476,Anxious
6477,Stressed
6478,Stressed
6479,Anxious
6480,Normal
6481,Anxious
6482,Anxious
6483,Anxious
6484,Stressed
6485,Normal
6486,Stressed
6487,Normal
6488,Normal
6489,Normal
6490,Anxious
6491,Anxious
6492,Anxious
6493,Normal
6494,Normal
6495,Anxious
6496,Normal
6497,Normal
6498,Normal
6499,Lonely
6500,Anxious
6501,Normal
6502,Normal
6503,Normal
6504,Normal
6505,Stressed
6506,Anxious
6507,Stressed
6508,Lonely
6509,Normal
6510,Anxious
6511,Normal
6512,Normal
6513,Normal
6514,Normal
6515,Lonely
6516,Stressed
6517,Normal
6518,Normal
6519,Stressed
6520,Stressed
6521,Stressed
6522,Stressed
6523,Anxious
6524,Normal
6525,Anxious
6526,Anxious
6527,Stressed
6528,Anxious
6529,Anxious
6530,Stressed
6531,Lonely
6532,Stressed
6533,Normal
6534,Anxious
6535,Anxious
6536,Anxious
6537,Anxious
6538,Anxious
6539,Anxious
6540,Normal
6541,Normal
6542,Normal
6543,Normal
6544,Normal
6545,Stressed
6546,Normal
6547,Anxious
6548,Stressed
6549,Normal
6550,Anxious
6551,Normal
6552,Anxious
6553,Normal
6554,Normal
6555,Normal
6556,Anxious
6557,Stressed
6558,Normal
6559,Normal
6560,Anxious
6561,Normal
6562,Normal
6563,Anxious
6564,Normal
6565,Normal
6566,Normal
6567,Stressed
6568,Stressed
6569,Normal
6570,Stressed
6571,Stressed
6572,Normal
6573,Stressed
6574,Anxious
6575,Stressed
6576,Normal
6577,Anxious
6578,Anxious
6579,Anxious
6580,Normal
6581,Normal
6582,Anxious
6583,Stressed
6584,Anxious
6585,Stressed
6586,Normal
6587,Normal
6588,Normal
6589,Normal
6590,Normal
6591,Anxious
6592,Stressed
6593,Normal
6594,Anxious
6595,Normal
6596,Normal
6597,Normal
6598,Normal
6599,Stressed
6600,Normal
6601,Anxious
6602,Normal
6603,Normal
6604,Anxious
6605,Anxious
6606,Anxious
6607,Anxious
6608,Stressed
6609,Normal
6610,Stressed
6611,Stressed
6612,Normal
6613,Anxious
6614,Stressed
6615,Anxious
6616,Anxious
6617,Anxious
6618,Normal
6619,Stressed
6620,Anxious
6621,Normal
6622,Anxious
6623,Normal
6624,Normal
6625,Stressed
6626,Stressed
6627,Normal
6628,Anxious
6629,Normal
6630,Anxious
6631,Lonely
6632,Anxious
6633,Normal
6634,Anxious
6635,Anxious
6636,Normal
6637,Anxious
6638,Stressed
6639,Normal
6640,Normal
6641,Anxious
6642,Lonely
6643,Stressed
6644,Anxious
6645,Normal
6646,Anxious
6647,Anxious
6648,Stressed
6649,Normal
6650,Anxious
6651,Stressed
6652,Normal
6653,Normal
6654,Anxious
6655,Normal
6656,Normal
6657,Stressed
6658,Stressed
6659,Normal
6660,Normal
6661,Anxious
6662,Normal
6663,Normal
6664,Stressed
6665,Anxious
6666,Anxious
6667,Stressed
6668,Anxious
6669,Anxious
6670,Normal
6671,Anxious
6672,Anxious
6673,Stressed
6674,Normal
6675,Stressed
6676,Normal
6677,Anxious
6678,Normal
6679,Lonely
6680,Anxious
6681,Anxious
6682,Anxious
6683,Normal
6684,Normal
6685,Stressed
6686,Anxious
6687,Anxious
6688,Normal
6689,Anxious
6690,Stressed
6691,Normal
6692,Normal
6693,Stressed
6694,Normal
6695,Normal
6696,Normal
6697,Lonely
6698,Anxious
6699,Normal
6700,Anxious
6701,Anxious
6702,Normal
6703,Anxious
6704,Normal
6705,Normal
6706,Normal
6707,Stressed
6708,Anxious
6709,Anxious
6710,Anxious
6711,Stressed
6712,Normal
6713,Anxious
6714,Normal
6715,Lonely
6716,Anxious
6717,Normal
6718,Normal
6719,Anxious
6720,Anxious
6721,Anxious
6722,Stressed
6723,Anxious
6724,Normal
6725,Lonely
6726,Normal
6727,Normal
6728,Anxious
6729,Normal
6730,Stressed
6731,Stressed
6732,Anxious
6733,Stressed
6734,Anxious
6735,Normal
6736,Normal
6737,Stressed
6738,Stressed
6739,Normal
6740,Anxious
6741,Normal
6742,Anxious
6743,Normal
6744,Normal
6745,Normal
6746,Normal
6747,Anxious
6748,Stressed
6749,Normal
6750,Stressed
6751,Normal
6752,Anxious
6753,Normal
6754,Normal
6755,Normal
6756,Anxious
6757,Stressed
6758,Lonely
6759,Normal
6760,Anxious
6761,Anxious
6762,Stressed
6763,Anxious
6764,Normal
6765,Normal
6766,Anxious
6767,Anxious
6768,Stressed
6769,Normal
6770,Anxious
6771,Normal
6772,Normal
6773,Normal
6774,Normal
6775,Anxious
6776,Lonely
6777,Anxious
6778,Normal
6779,Anxious
6780,Stressed
6781,Stressed
6782,Anxious
6783,Normal
6784,Lonely
6785,Stressed
6786,Anxious
6787,Normal
6788,Anxious
6789,Normal
6790,Normal
6791,Anxious
6792,Anxious
6793,Normal
6794,Anxious
6795,Anxious
6796,Normal
6797,Normal
6798,Normal
6799,Stressed
6800,Anxious
6801,Lonely
6802,Normal
6803,Normal
6804,Normal
6805,Normal
6806,Anxious
6807,Normal
6808,Normal
6809,Anxious
6810,Anxious
6811,Anxious
6812,Anxious
6813,Stressed
6814,Normal
6815,Stressed
6816,Stressed
6817,Anxious
6818,Anxious
6819,Anxious
6820,Stressed
6821,Anxious
6822,Normal
6823,Anxious
6824,Normal
6825,Stressed
6826,Normal
6827,Stressed
6828,Anxious
6829,Normal
6830,Stressed
6831,Anxious
6832,Anxious
6833,Stressed
6834,Normal
6835,Normal
6836,Anxious
6837,Normal
6838,Stressed
6839,Anxious
6840,Anxious
6841,Normal
6842,Anxious
6843,Normal
6844,Normal
6845,Anxious
6846,Normal
6847,Normal
6848,Normal
6849,Anxious
6850,Anxious
6851,Normal
6852,Anxious
6853,Lonely
6854,Normal
6855,Anxious
6856,Normal
6857,Normal
6858,Normal
6859,Normal
6860,Normal
6861,Normal
6862,Normal
6863,Anxious
6864,Anxious
6865,Anxious
6866,Normal
6867,Lonely
6868,Anxious
6869,Normal
6870,Stressed
6871,Normal
6872,Normal
6873,Anxious
6874,Normal
6875,Normal
6876,Anxious
6877,Stressed
6878,Normal
6879,Normal
6880,Normal
6881,Anxious
6882,Stressed
6883,Anxious
6884,Stressed
6885,Normal
6886,Normal
6887,Normal
6888,Normal
6889,Lonely
6890,Anxious
6891,Stressed
6892,Normal
6893,Anxious
6894,Anxious
6895,Anxious
6896,Normal
6897,Normal
6898,Normal
6899,Stressed
6900,Anxious
6901,Normal
6902,Normal
6903,Anxious
6904,Anxious
6905,Anxious
6906,Anxious
6907,Anxious
6908,Anxious
6909,Normal
6910,Normal
6911,Normal
6912,Anxious
6913,Stressed
6914,Anxious
6915,Normal
6916,Normal
6917,Normal
6918,Normal
6919,Normal
6920,Normal
6921,Anxious
6922,Anxious
6923,Anxious
6924,Normal
6925,Normal
6926,Anxious
6927,Stressed
6928,Lonely
6929,Normal
6930,Normal
6931,Stressed
6932,Normal
6933,Stressed
6934,Anxious
6935,Anxious
6936,Normal
6937,Normal
6938,Stressed
6939,Normal
6940,Normal
6941,Normal
6942,Normal
6943,Lonely
6944,Anxious
6945,Lonely
6946,Anxious
6947,Stressed
6948,Normal
6949,Stressed
6950,Normal
6951,Stressed
6952,Anxious
6953,Normal
6954,Normal
6955,Normal
6956,Anxious
6957,Normal
6958,Anxious
6959,Stressed
6960,Normal
6961,Anxious
6962,Anxious
6963,Anxious
6964,Normal
6965,Anxious
6966,Anxious
6967,Normal
6968,Anxious
6969,Normal
6970,Normal
6971,Anxious
6972,Normal
6973,Normal
6974,Normal
6975,Anxious
6976,Normal
6977,Stressed
6978,Anxious
6979,Anxious
6980,Normal
6981,Anxious
6982,Stressed
6983,Normal
6984,Normal
6985,Normal
6986,Stressed
6987,Stressed
6988,Normal
6989,Normal
6990,Anxious
6991,Anxious
6992,Normal
6993,Normal
6994,Normal
6995,Anxious
6996,Normal
6997,Lonely
6998,Stressed
6999,Anxious
7000,Normal
7001,Anxious
7002,Normal
7003,Normal
7004,Normal
7005,Anxious
7006,Stressed
7007,Anxious
7008,Anxious
7009,Anxious
7010,Normal
7011,Normal
7012,Stressed
7013,Anxious
7014,Anxious
7015,Anxious
7016,Normal
7017,Normal
7018,Normal
7019,Anxious
7020,Normal
7021,Stressed
7022,Anxious
7023,Normal
7024,Normal
7025,Normal
7026,Stressed
7027,Normal
7028,Anxious
7029,Normal
7030,Anxious
7031,Stressed
7032,Anxious
7033,Normal
7034,Normal
7035,Anxious
7036,Normal
7037,Normal
7038,Normal
7039,Anxious
7040,Anxious
7041,Anxious
7042,Stressed
7043,Anxious
7044,Normal
7045,Stressed
7046,Normal
7047,Stressed
7048,Normal
7049,Anxious
7050,Normal
7051,Stressed
7052,Anxious
7053,Anxious
7054,Normal
7055,Anxious
7056,Stressed
7057,Lonely
7058,Normal
7059,Normal
7060,Anxious
7061,Normal
7062,Normal
7063,Normal
7064,Anxious
7065,Normal
7066,Stressed
7067,Normal
7068,Normal
7069,Stressed
7070,Anxious
7071,Normal
7072,Stressed
7073,Normal
7074,Anxious
7075,Anxious
7076,Anxious
7077,Normal
7078,Lonely
7079,Normal
7080,Stressed
7081,Normal
7082,Anxious
7083,Normal
7084,Anxious
7085,Normal
7086,Stressed
7087,Anxious
7088,Normal
7089,Stressed
7090,Anxious
7091,Anxious
7092,Normal
7093,Anxious
7094,Normal
7095,Stressed
7096,Stressed
7097,Anxious
7098,Anxious
7099,Normal
7100,Anxious
7101,Anxious
7102,Normal
7103,Anxious
7104,Normal
7105,Anxious
7106,Anxious
7107,Anxious
7108,Anxious
7109,Normal
7110,Normal
7111,Normal
7112,Anxious
7113,Normal
7114,Normal
7115,Normal
7116,Normal
7117,Normal
7118,Normal
7119,Normal
7120,Anxious
7121,Normal
7122,Anxious
7123,Normal
7124,Anxious
7125,Normal
7126,Anxious
7127,Anxious
7128,Anxious
7129,Stressed
7130,Lonely
7131,Stressed
7132,Stressed
7133,Normal
7134,Normal
7135,Anxious
7136,Normal
7137,Normal
7138,Normal
7139,Normal
7140,Normal
7141,Normal
7142,Normal
7143,Anxious
7144,Normal
7145,Normal
7146,Anxious
7147,Anxious
7148,Normal
7149,Stressed
7150,Lonely
7151,Stressed
7152,Stressed
7153,Anxious
7154,Anxious
7155,Normal
7156,Anxious
7157,Anxious
7158,Stressed
7159,Normal
7160,Normal
7161,Normal
7162,Normal
7163,Normal
7164,Anxious
7165,Anxious
7166,Anxious
7167,Anxious
7168,Anxious
7169,Normal
7170,Lonely
7171,Anxious
7172,Normal
7173,Normal
7174,Anxious
7175,Anxious
7176,Normal
7177,Stressed
7178,Anxious
7179,Normal
7180,Normal
7181,Normal
7182,Anxious
7183,Normal
7184,Stressed
7185,Stressed
7186,Stressed
7187,Normal
7188,Normal
7189,Stressed
7190,Stressed
7191,Normal
7192,Anxious
7193,Normal
7194,Normal
7195,Normal
7196,Normal
7197,Stressed
7198,Normal
7199,Anxious
7200,Normal
7201,Stressed
7202,Stressed
7203,Anxious
7204,Anxious
7205,Normal
7206,Stressed
7207,Normal
7208,Normal
7209,Anxious
7210,Anxious
7211,Stressed
7212,Normal
7213,Anxious
7214,Anxious
7215,Stressed
7216,Normal
7217,Stressed
7218,Anxious
7219,Anxious
7220,Stressed
7221,Normal
7222,Anxious
7223,Normal
7224,Anxious
7225,Normal
7226,Stressed
7227,Stressed
7228,Stressed
7229,Stressed
7230,Anxious
7231,Normal
7232,Normal
7233,Anxious
7234,Normal
7235,Stressed
7236,Anxious
7237,Normal
7238,Normal
7239,Anxious
7240,Anxious
7241,Normal
7242,Normal
7243,Anxious
7244,Anxious
7245,Normal
7246,Normal
7247,Anxious
7248,Anxious
7249,Stressed
7250,Anxious
7251,Normal
7252,Anxious
7253,Normal
7254,Anxious
7255,Normal
7256,Stressed
7257,Normal
7258,Anxious
7259,Normal
7260,Anxious
7261,Normal
7262,Normal
7263,Normal
7264,Lonely
7265,Stressed
7266,Stressed
7267,Normal
7268,Lonely
7269,Normal
7270,Stressed
7271,Anxious
7272,Anxious
7273,Stressed
7274,Normal
7275,Anxious
7276,Stressed
7277,Lonely
7278,Normal
7279,Normal
7280,Normal
7281,Normal
7282,Normal
7283,Anxious
7284,Stressed
7285,Normal
7286,Anxious
7287,Anxious
7288,Normal
7289,Normal
7290,Normal
7291,Stressed
7292,Anxious
7293,Anxious
7294,Normal
7295,Normal
7296,Lonely
7297,Stressed
7298,Anxious
7299,Normal
7300,Normal
7301,Normal
7302,Normal
7303,Stressed
7304,Anxious
7305,Normal
7306,Stressed
7307,Stressed
7308,Normal
7309,Stressed
7310,Normal
7311,Normal
7312,Stressed
7313,Normal
7314,Stressed
7315,Normal
7316,Stressed
7317,Normal
7318,Anxious
7319,Stressed
7320,Normal
7321,Normal
7322,Anxious
7323,Normal
7324,Stressed
7325,Normal
7326,Normal
7327,Normal
7328,Anxious
7329,Normal
7330,Anxious
7331,Anxious
7332,Normal
7333,Normal
7334,Normal
7335,Stressed
7336,Normal
7337,Anxious
7338,Normal
7339,Anxious
7340,Normal
7341,Stressed
7342,Anxious
7343,Stressed
7344,Normal
7345,Normal
7346,Anxious
7347,Anxious
7348,Stressed
7349,Normal
7350,Normal
7351,Anxious
7352,Stressed
7353,Normal
7354,Anxious
7355,Lonely
7356,Stressed
7357,Anxious
7358,Lonely
7359,Normal
7360,Normal
7361,Normal
7362,Anxious
7363,Normal
7364,Anxious
7365,Anxious
7366,Normal
7367,Normal
7368,Normal
7369,Anxious
7370,Stressed
7371,Normal
7372,Anxious
7373,Normal
7374,Normal
7375,Anxious
7376,Normal
7377,Normal
7378,Normal
7379,Normal
7380,Stressed
7381,Normal
7382,Anxious
7383,Stressed
7384,Anxious
7385,Normal
7386,Lonely
7387,Normal
7388,Normal
7389,Stressed
7390,Anxious
7391,Stressed
7392,Anxious
7393,Normal
7394,Normal
7395,Stressed
7396,Normal
7397,Anxious
7398,Normal
7399,Normal
7400,Normal
7401,Stressed
7402,Normal
7403,Stressed
7404,Stressed
7405,Anxious
7406,Normal
7407,Anxious
7408,Anxious
7409,Normal
7410,Anxious
7411,Normal
7412,Stressed
7413,Normal
7414,Normal
7415,Normal
7416,Anxious
7417,Lonely
7418,Normal
7419,Normal
7420,Normal
7421,Stressed
7422,Anxious
7423,Anxious
7424,Anxious
7425,Normal
7426,Normal
7427,Anxious
7428,Anxious
7429,Anxious
7430,Normal
7431,Normal
7432,Anxious
7433,Anxious
7434,Normal
7435,Anxious
7436,Normal
7437,Normal
7438,Normal
7439,Normal
7440,Stressed
7441,Anxious
7442,Stressed
7443,Stressed
7444,Normal
7445,Normal
7446,Normal
7447,Normal
7448,Anxious
7449,Anxious
7450,Anxious
7451,Anxious
7452,Anxious
7453,Anxious
7454,Anxious
7455,Normal
7456,Normal
7457,Anxious
7458,Stressed
7459,Normal
7460,Normal
7461,Normal
7462,Anxious
7463,Anxious
7464,Stressed
7465,Normal
7466,Stressed
7467,Normal
7468,Normal
7469,Anxious
7470,Stressed
7471,Anxious
7472,Normal
7473,Normal
7474,Anxious
7475,Stressed
7476,Anxious
7477,Anxious
7478,Stressed
7479,Normal
7480,Stressed
7481,Normal
7482,Normal
7483,Anxious
7484,Normal
7485,Normal
7486,Stressed
7487,Anxious
7488,Normal
7489,Anxious
7490,Normal
7491,Anxious
7492,Normal
7493,Normal
7494,Normal
7495,Normal
7496,Anxious
7497,Anxious
7498,Stressed
